adsh,tag,version,ddate,qtrs,uom,segments,coreg,value,footnote
0000073124-26-000016,AccumulatedOtherComprehensiveIncomeLossNetOfTax,us-gaap/2025,20241231,0,USD,,,-814000000.0,
0000073124-26-000016,AdditionalPaidInCapital,us-gaap/2025,20241231,0,USD,ConsolidatedEntities=ParentCompany;,,1025300000.0,
0000073124-26-000016,AllowanceForCreditLossExcludingOffBalanceSheetCreditLossLiability,0000073124-26-000016,20241231,0,USD,,,175500000.0,
0000073124-26-000016,Assets,us-gaap/2025,20241231,0,USD,Geographical=NonUs;,,52343800000.0,
0000073124-26-000016,CashAndDueFromBanks,us-gaap/2025,20251231,0,USD,FairValueByFairValueHierarchyLevel=FairValueInputsLevel3;FairValueByMeasurementBasis=EstimateOfFairValueFairValueDisclosure;,,0.0,
0000073124-26-000016,CashCashEquivalentsRestrictedCashAndRestrictedCashEquivalents,us-gaap/2025,20251231,0,USD,,,5873100000.0,
0000073124-26-000016,CommonStockParOrStatedValuePerShare,us-gaap/2025,20241231,0,USD,,,1.6667,
0000073124-26-000016,CreditLossExpenseReversalAndAvailableForSaleAllowanceForCreditLoss,0000073124-26-000016,20231231,4,USD,,,24500000.0,
0000073124-26-000016,CreditLossExpenseReversalAndAvailableForSaleAllowanceForCreditLoss,0000073124-26-000016,20231231,4,USD,BusinessSegments=WealthManagementSegment;ConsolidationItems=OperatingSegments;,,24000000.0,
0000073124-26-000016,CreditLossExpenseReversalAndAvailableForSaleAllowanceForCreditLoss,0000073124-26-000016,20241231,4,USD,ConsolidationItems=CorporateAndReconcilingItems;,,-7200000.0,
0000073124-26-000016,DebtSecuritiesAvailableForSaleAmortizedCostExcludingAccruedInterestAfterAllowanceForCreditLoss,us-gaap/2025,20241231,0,USD,FinancialInstrument=OtherAssetBackedSecurities;,,2188600000.0,
0000073124-26-000016,DebtSecuritiesAvailableForSaleAmortizedCostExcludingAccruedInterestAfterAllowanceForCreditLoss,us-gaap/2025,20251231,0,USD,FinancialInstrument=CorporateDebtSecurities;,,65100000.0,
0000073124-26-000016,DebtSecuritiesAvailableForSaleAmortizedCostExcludingAccruedInterestAfterAllowanceForCreditLoss,us-gaap/2025,20251231,0,USD,FinancialInstrument=USGovernmentAgenciesDebtSecurities;,,16616700000.0,
0000073124-26-000016,DebtSecuritiesAvailableForSaleAmortizedCostExcludingAccruedInterestAfterAllowanceForCreditLoss,us-gaap/2025,20251231,0,USD,FinancialInstrument=USStatesAndPoliticalSubdivisions;,,322400000.0,
0000073124-26-000016,DebtSecuritiesAvailableForSaleAmortizedCostExcludingAccruedInterestAfterAllowanceForCreditLoss,us-gaap/2025,20251231,0,USD,FinancialInstrument=USTreasuryAndGovernment;,,8148000000.0,
0000073124-26-000016,DebtSecuritiesAvailableForSaleExcludingAccruedInterest,us-gaap/2025,20241231,0,USD,FairValueByFairValueHierarchyLevel=FairValueInputsLevel1;FairValueByMeasurementFrequency=FairValueMeasurementsRecurring;FinancialInstrument=CommercialMortgageBackedSecurities;,,0.0,
0000073124-26-000016,DebtSecuritiesAvailableForSaleExcludingAccruedInterest,us-gaap/2025,20241231,0,USD,FairValueByFairValueHierarchyLevel=FairValueInputsLevel1;FairValueByMeasurementFrequency=FairValueMeasurementsRecurring;FinancialInstrument=SubSovereignSupranationalAndNonUsAgencyBonds;,,0.0,
0000073124-26-000016,DebtSecuritiesAvailableForSaleExcludingAccruedInterest,us-gaap/2025,20241231,0,USD,FairValueByFairValueHierarchyLevel=FairValueInputsLevel3;FairValueByMeasurementFrequency=FairValueMeasurementsRecurring;,,0.0,
0000073124-26-000016,DebtSecuritiesAvailableForSaleExcludingAccruedInterest,us-gaap/2025,20241231,0,USD,FairValueByFairValueHierarchyLevel=FairValueInputsLevel3;FairValueByMeasurementFrequency=FairValueMeasurementsRecurring;FinancialInstrument=CoveredBonds;,,0.0,
0000073124-26-000016,DebtSecuritiesAvailableForSaleExcludingAccruedInterest,us-gaap/2025,20251231,0,USD,FairValueByFairValueHierarchyLevel=FairValueInputsLevel1;FairValueByMeasurementFrequency=FairValueMeasurementsRecurring;,,8172400000.0,
0000073124-26-000016,DebtSecuritiesAvailableForSaleExcludingAccruedInterest,us-gaap/2025,20251231,0,USD,FairValueByFairValueHierarchyLevel=FairValueInputsLevel1;FairValueByMeasurementFrequency=FairValueMeasurementsRecurring;FinancialInstrument=USGovernmentAgenciesDebtSecurities;,,0.0,
0000073124-26-000016,DebtSecuritiesAvailableForSaleExcludingAccruedInterest,us-gaap/2025,20251231,0,USD,FairValueByFairValueHierarchyLevel=FairValueInputsLevel2;FairValueByMeasurementFrequency=FairValueMeasurementsRecurring;,,25864100000.0,
0000073124-26-000016,DebtSecuritiesAvailableForSaleExcludingAccruedInterest,us-gaap/2025,20251231,0,USD,FairValueByFairValueHierarchyLevel=FairValueInputsLevel2;FairValueByMeasurementFrequency=FairValueMeasurementsRecurring;FinancialInstrument=CorporateDebtSecurities;,,64400000.0,
0000073124-26-000016,DebtSecuritiesAvailableForSaleExcludingAccruedInterest,us-gaap/2025,20251231,0,USD,FairValueByFairValueHierarchyLevel=FairValueInputsLevel3;FairValueByMeasurementFrequency=FairValueMeasurementsRecurring;,,0.0,
0000073124-26-000016,DebtSecuritiesAvailableForSaleExcludingAccruedInterest,us-gaap/2025,20251231,0,USD,FairValueByFairValueHierarchyLevel=FairValueInputsLevel3;FairValueByMeasurementFrequency=FairValueMeasurementsRecurring;FinancialInstrument=ForeignGovernmentDebtSecurities;,,0.0,
0000073124-26-000016,DebtSecuritiesAvailableForSaleExcludingAccruedInterest,us-gaap/2025,20251231,0,USD,FairValueByFairValueHierarchyLevel=FairValueInputsLevel3;FairValueByMeasurementFrequency=FairValueMeasurementsRecurring;FinancialInstrument=USGovernmentAgenciesDebtSecurities;,,0.0,
0000073124-26-000016,DebtSecuritiesAvailableForSaleExcludingAccruedInterest,us-gaap/2025,20251231,0,USD,FairValueByMeasurementFrequency=FairValueMeasurementsRecurring;FinancialInstrument=OtherAssetBackedSecurities;,,2725100000.0,
0000073124-26-000016,DebtSecuritiesAvailableForSaleExcludingAccruedInterest,us-gaap/2025,20251231,0,USD,FairValueByMeasurementFrequency=FairValueMeasurementsRecurring;FinancialInstrument=SubSovereignSupranationalAndNonUsAgencyBonds;,,4984300000.0,
0000073124-26-000016,DebtSecuritiesAvailableForSaleExcludingAccruedInterest,us-gaap/2025,20251231,0,USD,FairValueByMeasurementFrequency=FairValueMeasurementsRecurring;FinancialInstrument=USStatesAndPoliticalSubdivisions;,,313100000.0,
0000073124-26-000016,DebtSecuritiesAvailableForSaleExcludingAccruedInterest,us-gaap/2025,20251231,0,USD,FairValueByMeasurementFrequency=FairValueMeasurementsRecurring;FinancialInstrument=USTreasuryAndGovernment;,,8172400000.0,
0000073124-26-000016,DebtSecuritiesAvailableForSaleExcludingAccruedInterest,us-gaap/2025,20251231,0,USD,FinancialInstrument=CommercialMortgageBackedSecurities;,,409000000.0,
0000073124-26-000016,DebtSecuritiesAvailableForSaleExcludingAccruedInterest,us-gaap/2025,20251231,0,USD,FinancialInstrument=CoveredBonds;,,273500000.0,
0000073124-26-000016,DebtSecuritiesHeldToMaturityExcludingAccruedInterestAfterAllowanceForCreditLoss,us-gaap/2025,20241231,0,USD,FinancialInstrument=CommercialMortgageBackedSecurities;,,37600000.0,
0000073124-26-000016,DebtSecuritiesHeldToMaturityExcludingAccruedInterestAfterAllowanceForCreditLoss,us-gaap/2025,20251231,0,USD,FinancialInstrument=ForeignGovernmentDebtSecurities;,,4741000000.0,
0000073124-26-000016,DefinedBenefitPlanBenefitObligationIncreaseDecreaseForAmortizationPeriodAdjustment,0000073124-26-000016,20231231,4,USD,,,405200000.0,
0000073124-26-000016,DefinedBenefitPlanBenefitObligationIncreaseDecreaseForAmortizationPeriodAdjustment,0000073124-26-000016,20241231,4,USD,BusinessSegments=WealthManagementSegment;ConsolidationItems=OperatingSegments;,,87400000.0,
0000073124-26-000016,Deposits,us-gaap/2025,20241231,0,USD,,,122482700000.0,
0000073124-26-000016,Deposits,us-gaap/2025,20241231,0,USD,FairValueByFairValueHierarchyLevel=FairValueInputsLevel1;FairValueByMeasurementBasis=EstimateOfFairValueFairValueDisclosure;,,0.0,
0000073124-26-000016,Deposits,us-gaap/2025,20251231,0,USD,FairValueByFairValueHierarchyLevel=FairValueInputsLevel1;FairValueByMeasurementBasis=EstimateOfFairValueFairValueDisclosure;,,0.0,
0000073124-26-000016,DepreciationAmortizationAndAccretionNet,us-gaap/2025,20241231,4,USD,,,716800000.0,
0000073124-26-000016,DividendsPreferredStock,us-gaap/2025,20241231,4,USD,,,41800000.0,
0000073124-26-000016,EffectOfExchangeRateOnCashCashEquivalentsRestrictedCashAndRestrictedCashEquivalents,us-gaap/2025,20231231,4,USD,,,-89800000.0,
0000073124-26-000016,FederalFundsPurchased,us-gaap/2025,20251231,0,USD,FairValueByFairValueHierarchyLevel=FairValueInputsLevel3;FairValueByMeasurementBasis=EstimateOfFairValueFairValueDisclosure;,,0.0,
0000073124-26-000016,FederalFundsSoldAndSecuritiesPurchasedUnderAgreementsToResell,us-gaap/2025,20251231,0,USD,FairValueByFairValueHierarchyLevel=FairValueInputsLevel1;FairValueByMeasurementBasis=EstimateOfFairValueFairValueDisclosure;,,0.0,
0000073124-26-000016,FederalReserveAndForeignCentralBankDeposits,0000073124-26-000016,20241231,0,USD,FairValueByMeasurementBasis=EstimateOfFairValueFairValueDisclosure;,,38775400000.0,
0000073124-26-000016,FederalReserveAndForeignCentralBankDeposits,0000073124-26-000016,20251231,0,USD,FairValueByMeasurementBasis=CarryingReportedAmountFairValueDisclosure;,,53524900000.0,
0000073124-26-000016,FinancingReceivableExcludingAccruedInterestBeforeAllowanceForCreditLoss,us-gaap/2025,20241231,0,USD,FinancingReceivablePortfolioSegment=CommercialPortfolioSegment;FinancingReceivableRecordedInvestmentByClassOfFinancingReceivable=CommercialRealEstate;InternalCreditAssessment=FourToFiveInternalGrade;,,4230300000.0,
0000073124-26-000016,FinancingReceivableExcludingAccruedInterestBeforeAllowanceForCreditLoss,us-gaap/2025,20241231,0,USD,FinancingReceivablePortfolioSegment=CommercialPortfolioSegment;FinancingReceivableRecordedInvestmentByClassOfFinancingReceivable=ForeignCommercialLoans;InternalCreditAssessment=FourToFiveInternalGrade;,,678000000.0,
0000073124-26-000016,FinancingReceivableExcludingAccruedInterestBeforeAllowanceForCreditLoss,us-gaap/2025,20241231,0,USD,FinancingReceivablePortfolioSegment=ConsumerPortfolioSegment;,,23111800000.0,
0000073124-26-000016,FinancingReceivableExcludingAccruedInterestBeforeAllowanceForCreditLoss,us-gaap/2025,20241231,0,USD,FinancingReceivablePortfolioSegment=ConsumerPortfolioSegment;FinancingReceivableRecordedInvestmentByClassOfFinancingReceivable=ForeignConsumerLoans;,,674700000.0,
0000073124-26-000016,FinancingReceivableExcludingAccruedInterestBeforeAllowanceForCreditLoss,us-gaap/2025,20241231,0,USD,FinancingReceivablePortfolioSegment=ConsumerPortfolioSegment;FinancingReceivableRecordedInvestmentByClassOfFinancingReceivable=ResidentialRealEstate;Geographical=IL;,,591300000.0,
0000073124-26-000016,FinancingReceivableExcludingAccruedInterestBeforeAllowanceForCreditLoss,us-gaap/2025,20241231,0,USD,FinancingReceivablePortfolioSegment=ConsumerPortfolioSegment;FinancingReceivableRecordedInvestmentByClassOfFinancingReceivable=ResidentialRealEstate;InternalCreditAssessment=OneToThreeInternalGrade;,,2343500000.0,
0000073124-26-000016,FinancingReceivableExcludingAccruedInterestBeforeAllowanceForCreditLoss,us-gaap/2025,20251231,0,USD,FinancingReceivablePortfolioSegment=CommercialPortfolioSegment;FinancingReceivableRecordedInvestmentByClassOfFinancingReceivable=CommercialRealEstateMortgageIndustrialAndWarehouse;,,960100000.0,
0000073124-26-000016,FinancingReceivableExcludingAccruedInterestBeforeAllowanceForCreditLoss,us-gaap/2025,20251231,0,USD,FinancingReceivablePortfolioSegment=CommercialPortfolioSegment;FinancingReceivableRecordedInvestmentByClassOfFinancingReceivable=ForeignCommercialLoans;InternalCreditAssessment=FourToFiveInternalGrade;,,974100000.0,
0000073124-26-000016,FinancingReceivableExcludingAccruedInterestBeforeAllowanceForCreditLoss,us-gaap/2025,20251231,0,USD,FinancingReceivablePortfolioSegment=CommercialPortfolioSegment;FinancingReceivableRecordedInvestmentByClassOfFinancingReceivable=OtherCommercialLoan;,,2973700000.0,
0000073124-26-000016,FinancingReceivableExcludingAccruedInterestBeforeAllowanceForCreditLoss,us-gaap/2025,20251231,0,USD,FinancingReceivablePortfolioSegment=ConsumerPortfolioSegment;,,21517300000.0,
0000073124-26-000016,FinancingReceivableExcludingAccruedInterestBeforeAllowanceForCreditLoss,us-gaap/2025,20251231,0,USD,FinancingReceivablePortfolioSegment=ConsumerPortfolioSegment;FinancingReceivableRecordedInvestmentByClassOfFinancingReceivable=ForeignConsumerLoans;,,657400000.0,
0000073124-26-000016,FinancingReceivableExcludingAccruedInterestBeforeAllowanceForCreditLoss,us-gaap/2025,20251231,0,USD,FinancingReceivablePortfolioSegment=ConsumerPortfolioSegment;FinancingReceivableRecordedInvestmentByClassOfFinancingReceivable=ForeignConsumerLoans;InternalCreditAssessment=FourToFiveInternalGrade;,,385300000.0,
0000073124-26-000016,FinancingReceivableExcludingAccruedInterestBeforeAllowanceForCreditLoss,us-gaap/2025,20251231,0,USD,FinancingReceivablePortfolioSegment=ConsumerPortfolioSegment;FinancingReceivableRecordedInvestmentByClassOfFinancingReceivable=ResidentialRealEstate;Geographical=FL;,,1597900000.0,
0000073124-26-000016,FinancingReceivableExcludingAccruedInterestBeforeAllowanceForCreditLoss,us-gaap/2025,20251231,0,USD,FinancingReceivablePortfolioSegment=ConsumerPortfolioSegment;FinancingReceivableRecordedInvestmentByClassOfFinancingReceivable=ResidentialRealEstate;InternalCreditAssessment=SixToNineInternalGrade;,,93300000.0,
0000073124-26-000016,ForeignCurrencyTransactionGainLossBeforeTax,us-gaap/2025,20231231,4,USD,BusinessSegments=WealthManagementSegment;ConsolidationItems=OperatingSegments;,,-9100000.0,
0000073124-26-000016,ForeignCurrencyTransactionGainLossBeforeTax,us-gaap/2025,20251231,4,USD,ConsolidationItems=CorporateAndReconcilingItems;,,0.0,
0000073124-26-000016,GainLossOnInvestments,us-gaap/2025,20251231,4,USD,,,0.0,
0000073124-26-000016,HeldToMaturitySecuritiesFairValue,us-gaap/2025,20241231,0,USD,FairValueByMeasurementBasis=CarryingReportedAmountFairValueDisclosure;,,22296700000.0,
0000073124-26-000016,HeldToMaturitySecuritiesFairValue,us-gaap/2025,20241231,0,USD,FairValueByMeasurementBasis=EstimateOfFairValueFairValueDisclosure;,,20654500000.0,
0000073124-26-000016,HeldToMaturitySecuritiesFairValue,us-gaap/2025,20241231,0,USD,FinancialInstrument=OtherSecurities;,,449200000.0,
0000073124-26-000016,HeldToMaturitySecuritiesFairValue,us-gaap/2025,20251231,0,USD,,,22381200000.0,
0000073124-26-000016,HeldToMaturitySecuritiesFairValue,us-gaap/2025,20251231,0,USD,FairValueByFairValueHierarchyLevel=FairValueInputsLevel1;FairValueByMeasurementBasis=EstimateOfFairValueFairValueDisclosure;,,0.0,
0000073124-26-000016,HeldToMaturitySecuritiesFairValue,us-gaap/2025,20251231,0,USD,FinancialInstrument=ForeignGovernmentDebtSecurities;,,4713900000.0,
0000073124-26-000016,HeldToMaturitySecuritiesFairValue,us-gaap/2025,20251231,0,USD,FinancialInstrument=USGovernmentAgenciesDebtSecurities;,,7696100000.0,
0000073124-26-000016,IncomeLossFromContinuingOperationsBeforeIncomeTaxesExtraordinaryItemsNoncontrollingInterest,us-gaap/2025,20241231,4,USD,Geographical=US;,,2270600000.0,
0000073124-26-000016,IncomeTaxExpenseBenefit,us-gaap/2025,20241231,4,USD,,,628400000.0,
0000073124-26-000016,IncomeTaxExpenseBenefit,us-gaap/2025,20241231,4,USD,ConsolidationItems=CorporateAndReconcilingItems;,,131100000.0,
0000073124-26-000016,IncomeTaxExpenseBenefit,us-gaap/2025,20251231,4,USD,ConsolidatedEntities=ParentCompany;,,-11100000.0,
0000073124-26-000016,IncreaseDecreaseInOtherOperatingCapitalNet,us-gaap/2025,20231231,4,USD,,,-774500000.0,
0000073124-26-000016,IncreaseDecreaseInOtherOperatingCapitalNet,us-gaap/2025,20241231,4,USD,ConsolidatedEntities=ParentCompany;,,-118900000.0,
0000073124-26-000016,InterestBearingDepositsInBanks,us-gaap/2025,20251231,0,USD,FairValueByFairValueHierarchyLevel=FairValueInputsLevel1;FairValueByMeasurementBasis=EstimateOfFairValueFairValueDisclosure;,,0.0,
0000073124-26-000016,InterestBearingDepositsInBanks,us-gaap/2025,20251231,0,USD,FairValueByMeasurementBasis=EstimateOfFairValueFairValueDisclosure;,,1729400000.0,
0000073124-26-000016,InterestExpenseOperating,us-gaap/2025,20251231,4,USD,ConsolidatedEntities=ParentCompany;,,263600000.0,
0000073124-26-000016,InterestIncomeExpenseNet,us-gaap/2025,20241231,4,USD,,,2177100000.0,
0000073124-26-000016,InterestIncomeExpenseNet,us-gaap/2025,20241231,4,USD,ConsolidationItems=CorporateAndReconcilingItems;,,-25800000.0,
0000073124-26-000016,MarketableSecurities,us-gaap/2025,20251231,0,USD,,,57466100000.0,
0000073124-26-000016,NetIncomeLoss,us-gaap/2025,20231231,4,USD,BusinessSegments=WealthManagementSegment;ConsolidationItems=OperatingSegments;,,729100000.0,
0000073124-26-000016,NetIncomeLossAvailableToCommonStockholdersBasic,us-gaap/2025,20241231,4,USD,,,1989300000.0,
0000073124-26-000016,NetIncomeLossAvailableToCommonStockholdersBasic,us-gaap/2025,20251231,4,USD,,,1695100000.0,
0000073124-26-000016,NoninterestBearingDepositLiabilitiesForeign,us-gaap/2025,20251231,0,USD,,,12537900000.0,
0000073124-26-000016,NoninterestExpense,us-gaap/2025,20231231,4,USD,BusinessSegments=AssetServicingSegment;ConsolidationItems=OperatingSegments;,,3270700000.0,
0000073124-26-000016,NoninterestExpense,us-gaap/2025,20241231,4,USD,BusinessSegments=WealthManagementSegment;ConsolidationItems=OperatingSegments;,,1990800000.0,
0000073124-26-000016,NoninterestExpense,us-gaap/2025,20241231,4,USD,ConsolidationItems=CorporateAndReconcilingItems;,,155400000.0,
0000073124-26-000016,NoninterestExpense,us-gaap/2025,20251231,4,USD,BusinessSegments=AssetServicingSegment;ConsolidationItems=OperatingSegments;,,3640800000.0,
0000073124-26-000016,NoninterestIncome,us-gaap/2025,20231231,4,USD,BusinessSegments=WealthManagementSegment;ConsolidationItems=OperatingSegments;,,2041600000.0,
0000073124-26-000016,NoninterestIncome,us-gaap/2025,20241231,4,USD,BusinessSegments=WealthManagementSegment;ConsolidationItems=OperatingSegments;,,2219300000.0,
0000073124-26-000016,NoninterestIncomeOtherOperatingIncome,us-gaap/2025,20231231,4,USD,,,228700000.0,
0000073124-26-000016,NoninterestIncomeOtherOperatingIncome,us-gaap/2025,20231231,4,USD,ProductOrService=FinancialServiceOther;,,23100000.0,
0000073124-26-000016,NoninterestIncomeOtherOperatingIncome,us-gaap/2025,20231231,4,USD,ProductOrService=LoanServicing;,,83100000.0,
0000073124-26-000016,NoninterestIncomeOtherOperatingIncome,us-gaap/2025,20241231,4,USD,,,1157400000.0,
0000073124-26-000016,NoninterestIncomeOtherOperatingIncome,us-gaap/2025,20251231,4,USD,,,207700000.0,
0000073124-26-000016,OtherComprehensiveIncomeLossForeignCurrencyTransactionAndTranslationAdjustmentNetOfTax,us-gaap/2025,20251231,4,USD,,,15800000.0,
0000073124-26-000016,OtherComprehensiveIncomeLossNetOfTaxPortionAttributableToParent,us-gaap/2025,20241231,4,USD,EquityComponents=AccumulatedNetUnrealizedInvestmentGainLoss;,,325800000.0,
0000073124-26-000016,OtherComprehensiveIncomeLossNetOfTaxPortionAttributableToParent,us-gaap/2025,20251231,4,USD,,,223500000.0,
0000073124-26-000016,OtherComprehensiveIncomeLossNetOfTaxPortionAttributableToParent,us-gaap/2025,20251231,4,USD,EquityComponents=AccumulatedGainLossNetCashFlowHedgeParent;,,300000.0,
0000073124-26-000016,PaymentsForProceedsFromOtherInvestingActivities,us-gaap/2025,20251231,4,USD,,,986300000.0,
0000073124-26-000016,PaymentsForRepurchaseOfCommonStock,us-gaap/2025,20241231,4,USD,,,937800000.0,
0000073124-26-000016,PaymentsOfDividendsCommonStock,us-gaap/2025,20231231,4,USD,,,621500000.0,
0000073124-26-000016,PaymentsToAcquirePropertyPlantAndEquipment,us-gaap/2025,20241231,4,USD,,,101500000.0,
0000073124-26-000016,PaymentsToAcquirePropertyPlantAndEquipment,us-gaap/2025,20251231,4,USD,,,74000000.0,
0000073124-26-000016,PreferredStockSharesOutstanding,us-gaap/2025,20251231,0,shares,ClassOfStock=SeriesEPreferredStock;,,16000.0,
0000073124-26-000016,ProceedsFromIssuanceOfSeniorLongTermDebt,us-gaap/2025,20241231,4,USD,ConsolidatedEntities=ParentCompany;,,0.0,
0000073124-26-000016,ProceedsFromMaturitiesPrepaymentsAndCallsOfHeldToMaturitySecurities,us-gaap/2025,20241231,4,USD,,,30073900000.0,
0000073124-26-000016,ProceedsFromPaymentsForInInterestBearingDepositsInBanks,us-gaap/2025,20231231,4,USD,,,28500000.0,
0000073124-26-000016,ProceedsFromPaymentsForOtherFinancingActivities,us-gaap/2025,20251231,4,USD,,,-11100000.0,
0000073124-26-000016,ProceedsFromRepaymentsOfShortTermDebtMaturingInThreeMonthsOrLess,us-gaap/2025,20251231,4,USD,,,566800000.0,
0000073124-26-000016,ProfessionalFees,us-gaap/2025,20251231,4,USD,,,988500000.0,
0000073124-26-000016,PropertyPlantAndEquipmentNet,us-gaap/2025,20251231,0,USD,PropertyPlantAndEquipmentByType=Building;,,87800000.0,
0000073124-26-000016,PropertyPlantAndEquipmentNet,us-gaap/2025,20251231,0,USD,PropertyPlantAndEquipmentByType=Equipment;,,176700000.0,
0000073124-26-000016,RevenueFromContractWithCustomerExcludingAssessedTax,us-gaap/2025,20231231,4,USD,BusinessSegments=AssetServicingSegment;ConsolidationItems=OperatingSegments;,,2461900000.0,
0000073124-26-000016,RevenueFromContractWithCustomerExcludingAssessedTax,us-gaap/2025,20231231,4,USD,ProductOrService=SecuritiesCommissionandTrading;,,115900000.0,
0000073124-26-000016,RevenueFromContractWithCustomerExcludingAssessedTax,us-gaap/2025,20241231,4,USD,BusinessSegments=WealthManagementSegment;ConsolidationItems=OperatingSegments;,,2095000000.0,
0000073124-26-000016,RevenueFromContractWithCustomerExcludingAssessedTax,us-gaap/2025,20241231,4,USD,ConsolidationItems=CorporateAndReconcilingItems;,,0.0,
0000073124-26-000016,RevenueFromContractWithCustomerExcludingAssessedTax,us-gaap/2025,20241231,4,USD,ProductOrService=SecuritiesCommissionandTrading;,,143700000.0,
0000073124-26-000016,RevenueFromContractWithCustomerExcludingAssessedTax,us-gaap/2025,20251231,4,USD,ConsolidationItems=CorporateAndReconcilingItems;,,0.0,
0000073124-26-000016,RevenueFromContractWithCustomerExcludingAssessedTax,us-gaap/2025,20251231,4,USD,ProductOrService=InvestmentManagementandAdvisory;,,2659700000.0,
0000073124-26-000016,SalariesWagesAndIncentives,0000073124-26-000016,20251231,4,USD,BusinessSegments=WealthManagementSegment;ConsolidationItems=OperatingSegments;,,577400000.0,
0000073124-26-000016,SalariesWagesAndIncentives,0000073124-26-000016,20251231,4,USD,ConsolidationItems=CorporateAndReconcilingItems;,,1665400000.0,
0000073124-26-000016,SecuritiesSoldUnderAgreementsToRepurchase,us-gaap/2025,20241231,0,USD,FairValueByMeasurementBasis=EstimateOfFairValueFairValueDisclosure;,,462000000.0,
0000073124-26-000016,SeniorNotes,us-gaap/2025,20241231,0,USD,LongtermDebtType=FixedRateCorporateSeniorNotesDueAugust2028;,,479600000.0,
0000073124-26-000016,ShareRepurchaseProgramExciseTax,us-gaap/2025,20231231,4,USD,,,2500000.0,
0000073124-26-000016,ShareRepurchaseProgramExciseTax,us-gaap/2025,20241231,4,USD,,,8400000.0,
0000073124-26-000016,StockholdersEquity,us-gaap/2025,20221231,0,USD,EquityComponents=AccumulatedNetUnrealizedInvestmentGainLoss;,,-1367600000.0,
0000073124-26-000016,StockholdersEquity,us-gaap/2025,20251231,0,USD,ConsolidatedEntities=ParentCompany;,,12957900000.0,
0000073124-26-000016,TreasuryStockValueAcquiredCostMethod,us-gaap/2025,20241231,4,USD,EquityComponents=TreasuryStockCommon;,,937800000.0,
0000073124-26-000016,TreasuryStockValueAcquiredCostMethod,us-gaap/2025,20251231,4,USD,,,1273500000.0,
0000073124-26-000016,WeightedAverageNumberOfSharesOutstandingBasic,us-gaap/2025,20251231,4,shares,,,191358026.0,
0000073124-26-000016,AccretionAmortizationOfDiscountsAndPremiumsInvestments,us-gaap/2025,20241231,4,USD,,,35100000.0,
0000073124-26-000016,AdditionalPaidInCapital,us-gaap/2025,20241231,0,USD,,,1025300000.0,
0000073124-26-000016,AdditionalPaidInCapital,us-gaap/2025,20251231,0,USD,ConsolidatedEntities=ParentCompany;,,1039000000.0,
0000073124-26-000016,CashAndDueFromBanks,us-gaap/2025,20241231,0,USD,FairValueByFairValueHierarchyLevel=FairValueInputsLevel3;FairValueByMeasurementBasis=EstimateOfFairValueFairValueDisclosure;,,0.0,
0000073124-26-000016,CashAndDueFromBanks,us-gaap/2025,20241231,0,USD,FairValueByMeasurementBasis=CarryingReportedAmountFairValueDisclosure;,,4677200000.0,
0000073124-26-000016,CashAndDueFromBanks,us-gaap/2025,20251231,0,USD,FairValueByFairValueHierarchyLevel=FairValueInputsLevel2;FairValueByMeasurementBasis=EstimateOfFairValueFairValueDisclosure;,,0.0,
0000073124-26-000016,CashAndDueFromBanks,us-gaap/2025,20251231,0,USD,FairValueByMeasurementBasis=CarryingReportedAmountFairValueDisclosure;,,5873100000.0,
0000073124-26-000016,CreditLossExpenseReversalAndAvailableForSaleAllowanceForCreditLoss,0000073124-26-000016,20231231,4,USD,BusinessSegments=AssetServicingSegment;ConsolidationItems=OperatingSegments;,,500000.0,
0000073124-26-000016,DebtSecuritiesAvailableForSaleAmortizedCostExcludingAccruedInterestAfterAllowanceForCreditLoss,us-gaap/2025,20241231,0,USD,FinancialInstrument=CommercialMortgageBackedSecurities;,,603400000.0,
0000073124-26-000016,DebtSecuritiesAvailableForSaleAmortizedCostExcludingAccruedInterestAfterAllowanceForCreditLoss,us-gaap/2025,20241231,0,USD,FinancialInstrument=CoveredBonds;,,234000000.0,
0000073124-26-000016,DebtSecuritiesAvailableForSaleAmortizedCostExcludingAccruedInterestAfterAllowanceForCreditLoss,us-gaap/2025,20251231,0,USD,FinancialInstrument=SubSovereignSupranationalAndNonUsAgencyBonds;,,5002900000.0,
0000073124-26-000016,DebtSecuritiesAvailableForSaleExcludingAccruedInterest,us-gaap/2025,20241231,0,USD,FairValueByFairValueHierarchyLevel=FairValueInputsLevel1;FairValueByMeasurementFrequency=FairValueMeasurementsRecurring;FinancialInstrument=USGovernmentAgenciesDebtSecurities;,,0.0,
0000073124-26-000016,DebtSecuritiesAvailableForSaleExcludingAccruedInterest,us-gaap/2025,20241231,0,USD,FairValueByFairValueHierarchyLevel=FairValueInputsLevel2;FairValueByMeasurementFrequency=FairValueMeasurementsRecurring;,,21634000000.0,
0000073124-26-000016,DebtSecuritiesAvailableForSaleExcludingAccruedInterest,us-gaap/2025,20241231,0,USD,FairValueByFairValueHierarchyLevel=FairValueInputsLevel2;FairValueByMeasurementFrequency=FairValueMeasurementsRecurring;FinancialInstrument=USGovernmentAgenciesDebtSecurities;,,13288900000.0,
0000073124-26-000016,DebtSecuritiesAvailableForSaleExcludingAccruedInterest,us-gaap/2025,20241231,0,USD,FairValueByFairValueHierarchyLevel=FairValueInputsLevel3;FairValueByMeasurementFrequency=FairValueMeasurementsRecurring;FinancialInstrument=ForeignGovernmentDebtSecurities;,,0.0,
0000073124-26-000016,DebtSecuritiesAvailableForSaleExcludingAccruedInterest,us-gaap/2025,20241231,0,USD,FairValueByFairValueHierarchyLevel=FairValueInputsLevel3;FairValueByMeasurementFrequency=FairValueMeasurementsRecurring;FinancialInstrument=USGovernmentAgenciesDebtSecurities;,,0.0,
0000073124-26-000016,DebtSecuritiesAvailableForSaleExcludingAccruedInterest,us-gaap/2025,20241231,0,USD,FairValueByFairValueHierarchyLevel=FairValueInputsLevel3;FairValueByMeasurementFrequency=FairValueMeasurementsRecurring;FinancialInstrument=USTreasuryAndGovernment;,,0.0,
0000073124-26-000016,DebtSecuritiesAvailableForSaleExcludingAccruedInterest,us-gaap/2025,20241231,0,USD,FairValueByMeasurementFrequency=FairValueMeasurementsRecurring;FinancialInstrument=USTreasuryAndGovernment;,,7367500000.0,
0000073124-26-000016,DebtSecuritiesAvailableForSaleExcludingAccruedInterest,us-gaap/2025,20241231,0,USD,FinancialInstrument=CorporateDebtSecurities;,,163800000.0,
0000073124-26-000016,DebtSecuritiesAvailableForSaleExcludingAccruedInterest,us-gaap/2025,20241231,0,USD,FinancialInstrument=USStatesAndPoliticalSubdivisions;,,297600000.0,
0000073124-26-000016,DebtSecuritiesAvailableForSaleExcludingAccruedInterest,us-gaap/2025,20251231,0,USD,FairValueByFairValueHierarchyLevel=FairValueInputsLevel1;FairValueByMeasurementFrequency=FairValueMeasurementsRecurring;FinancialInstrument=USTreasuryAndGovernment;,,8172400000.0,
0000073124-26-000016,DebtSecuritiesAvailableForSaleExcludingAccruedInterest,us-gaap/2025,20251231,0,USD,FairValueByFairValueHierarchyLevel=FairValueInputsLevel2;FairValueByMeasurementFrequency=FairValueMeasurementsRecurring;FinancialInstrument=USStatesAndPoliticalSubdivisions;,,313100000.0,
0000073124-26-000016,DebtSecuritiesAvailableForSaleExcludingAccruedInterest,us-gaap/2025,20251231,0,USD,FairValueByFairValueHierarchyLevel=FairValueInputsLevel3;FairValueByMeasurementFrequency=FairValueMeasurementsRecurring;FinancialInstrument=SubSovereignSupranationalAndNonUsAgencyBonds;,,0.0,
0000073124-26-000016,DebtSecuritiesAvailableForSaleExcludingAccruedInterest,us-gaap/2025,20251231,0,USD,FairValueByFairValueHierarchyLevel=FairValueInputsLevel3;FairValueByMeasurementFrequency=FairValueMeasurementsRecurring;FinancialInstrument=USStatesAndPoliticalSubdivisions;,,0.0,
0000073124-26-000016,DebtSecuritiesAvailableForSaleExcludingAccruedInterest,us-gaap/2025,20251231,0,USD,FairValueByMeasurementFrequency=FairValueMeasurementsRecurring;FinancialInstrument=CommercialMortgageBackedSecurities;,,409000000.0,
0000073124-26-000016,DebtSecuritiesAvailableForSaleExcludingAccruedInterest,us-gaap/2025,20251231,0,USD,FinancialInstrument=USTreasuryAndGovernment;,,8172400000.0,
0000073124-26-000016,DebtSecuritiesHeldToMaturityExcludingAccruedInterestAfterAllowanceForCreditLoss,us-gaap/2025,20241231,0,USD,FinancialInstrument=CorporateDebtSecurities;,,351600000.0,
0000073124-26-000016,DefinedBenefitPlanBenefitObligationIncreaseDecreaseForAmortizationPeriodAdjustment,0000073124-26-000016,20231231,4,USD,BusinessSegments=WealthManagementSegment;ConsolidationItems=OperatingSegments;,,83000000.0,
0000073124-26-000016,DividendsPreferredStock,us-gaap/2025,20251231,4,USD,,,41800000.0,
0000073124-26-000016,EarningsPerShareDiluted,us-gaap/2025,20231231,4,USD,,,5.08,
0000073124-26-000016,EffectOfExchangeRateOnCashCashEquivalentsRestrictedCashAndRestrictedCashEquivalents,us-gaap/2025,20251231,4,USD,,,656400000.0,
0000073124-26-000016,EquipmentAndSoftwareExpense,0000073124-26-000016,20231231,4,USD,,,945500000.0,
0000073124-26-000016,EquipmentAndSoftwareExpense,0000073124-26-000016,20241231,4,USD,,,1075000000.0,
0000073124-26-000016,FederalFundsPurchased,us-gaap/2025,20241231,0,USD,,,2159500000.0,
0000073124-26-000016,FederalFundsSoldAndSecuritiesPurchasedUnderAgreementsToResell,us-gaap/2025,20241231,0,USD,FairValueByFairValueHierarchyLevel=FairValueInputsLevel1;FairValueByMeasurementBasis=EstimateOfFairValueFairValueDisclosure;,,0.0,
0000073124-26-000016,FederalFundsSoldAndSecuritiesPurchasedUnderAgreementsToResell,us-gaap/2025,20251231,0,USD,,,2654100000.0,
0000073124-26-000016,FederalReserveAndForeignCentralBankDeposits,0000073124-26-000016,20241231,0,USD,FairValueByFairValueHierarchyLevel=FairValueInputsLevel2;FairValueByMeasurementBasis=EstimateOfFairValueFairValueDisclosure;,,38775400000.0,
0000073124-26-000016,FinancingReceivableExcludingAccruedInterestBeforeAllowanceForCreditLoss,us-gaap/2025,20241231,0,USD,FinancingReceivablePortfolioSegment=CommercialPortfolioSegment;FinancingReceivableRecordedInvestmentByClassOfFinancingReceivable=CommercialRealEstate;InternalCreditAssessment=SixToNineInternalGrade;,,166200000.0,
0000073124-26-000016,FinancingReceivableExcludingAccruedInterestBeforeAllowanceForCreditLoss,us-gaap/2025,20241231,0,USD,FinancingReceivablePortfolioSegment=CommercialPortfolioSegment;FinancingReceivableRecordedInvestmentByClassOfFinancingReceivable=ForeignCommercialLoans;InternalCreditAssessment=SixToNineInternalGrade;,,14500000.0,
0000073124-26-000016,FinancingReceivableExcludingAccruedInterestBeforeAllowanceForCreditLoss,us-gaap/2025,20251231,0,USD,FinancingReceivablePortfolioSegment=CommercialPortfolioSegment;FinancingReceivableRecordedInvestmentByClassOfFinancingReceivable=CommercialRealEstate;,,5272200000.0,
0000073124-26-000016,FinancingReceivableExcludingAccruedInterestBeforeAllowanceForCreditLoss,us-gaap/2025,20251231,0,USD,FinancingReceivablePortfolioSegment=CommercialPortfolioSegment;FinancingReceivableRecordedInvestmentByClassOfFinancingReceivable=CommercialRealEstateMortgage;,,4812900000.0,
0000073124-26-000016,FinancingReceivableExcludingAccruedInterestBeforeAllowanceForCreditLoss,us-gaap/2025,20251231,0,USD,FinancingReceivablePortfolioSegment=CommercialPortfolioSegment;FinancingReceivableRecordedInvestmentByClassOfFinancingReceivable=ForeignCommercialLoans;,,2190100000.0,
0000073124-26-000016,FinancingReceivableExcludingAccruedInterestBeforeAllowanceForCreditLoss,us-gaap/2025,20251231,0,USD,FinancingReceivablePortfolioSegment=ConsumerPortfolioSegment;FinancingReceivableRecordedInvestmentByClassOfFinancingReceivable=ForeignConsumerLoans;InternalCreditAssessment=OneToThreeInternalGrade;,,241800000.0,
0000073124-26-000016,FinancingReceivableExcludingAccruedInterestBeforeAllowanceForCreditLoss,us-gaap/2025,20251231,0,USD,FinancingReceivablePortfolioSegment=ConsumerPortfolioSegment;FinancingReceivableRecordedInvestmentByClassOfFinancingReceivable=OtherConsumerLoan;,,232200000.0,
0000073124-26-000016,ForeignCurrencyTransactionGainLossBeforeTax,us-gaap/2025,20251231,4,USD,,,240800000.0,
0000073124-26-000016,ForeignCurrencyTransactionGainLossBeforeTax,us-gaap/2025,20251231,4,USD,BusinessSegments=AssetServicingSegment;ConsolidationItems=OperatingSegments;,,268000000.0,
0000073124-26-000016,Goodwill,us-gaap/2025,20231231,0,USD,BusinessSegments=AssetServicingSegment;,,621900000.0,
0000073124-26-000016,HeldToMaturitySecuritiesFairValue,us-gaap/2025,20241231,0,USD,FairValueByFairValueHierarchyLevel=FairValueInputsLevel2;FairValueByMeasurementBasis=EstimateOfFairValueFairValueDisclosure;,,20654500000.0,
0000073124-26-000016,HeldToMaturitySecuritiesFairValue,us-gaap/2025,20251231,0,USD,FinancialInstrument=CertificatesOfDeposit;,,440500000.0,
0000073124-26-000016,HeldToMaturitySecuritiesFairValue,us-gaap/2025,20251231,0,USD,FinancialInstrument=CommercialMortgageBackedSecurities;,,36300000.0,
0000073124-26-000016,IncomeLossFromContinuingOperationsBeforeIncomeTaxesExtraordinaryItemsNoncontrollingInterest,us-gaap/2025,20251231,4,USD,,,2339500000.0,
0000073124-26-000016,IncomeLossFromContinuingOperationsBeforeIncomeTaxesExtraordinaryItemsNoncontrollingInterest,us-gaap/2025,20251231,4,USD,BusinessSegments=AssetServicingSegment;ConsolidationItems=OperatingSegments;,,1127100000.0,
0000073124-26-000016,IncomeLossFromContinuingOperationsBeforeIncomeTaxesExtraordinaryItemsNoncontrollingInterest,us-gaap/2025,20251231,4,USD,BusinessSegments=WealthManagementSegment;ConsolidationItems=OperatingSegments;,,1297900000.0,
0000073124-26-000016,IncomeLossFromContinuingOperationsBeforeIncomeTaxesExtraordinaryItemsNoncontrollingInterest,us-gaap/2025,20251231,4,USD,ConsolidationItems=CorporateAndReconcilingItems;,,-85500000.0,
0000073124-26-000016,IncomeLossFromContinuingOperationsBeforeIncomeTaxesExtraordinaryItemsNoncontrollingInterest,us-gaap/2025,20251231,4,USD,Geographical=NonUs;,,556600000.0,
0000073124-26-000016,IncomeTaxExpenseBenefit,us-gaap/2025,20231231,4,USD,BusinessSegments=AssetServicingSegment;ConsolidationItems=OperatingSegments;,,187100000.0,
0000073124-26-000016,IncomeTaxExpenseBenefit,us-gaap/2025,20231231,4,USD,BusinessSegments=WealthManagementSegment;ConsolidationItems=OperatingSegments;,,245900000.0,
0000073124-26-000016,IncomeTaxExpenseBenefit,us-gaap/2025,20241231,4,USD,BusinessSegments=AssetServicingSegment;ConsolidationItems=OperatingSegments;,,192400000.0,
0000073124-26-000016,IncomeTaxExpenseBenefit,us-gaap/2025,20251231,4,USD,ConsolidationItems=CorporateAndReconcilingItems;,,40900000.0,
0000073124-26-000016,IncreaseDecreaseInAccruedIncomeTaxesPayable,us-gaap/2025,20251231,4,USD,,,-104400000.0,
0000073124-26-000016,IncreaseDecreaseInDeposits,us-gaap/2025,20231231,4,USD,,,-8478400000.0,
0000073124-26-000016,IncreaseDecreaseInOtherOperatingCapitalNet,us-gaap/2025,20241231,4,USD,,,41600000.0,
0000073124-26-000016,IncreaseDecreaseInReceivables,us-gaap/2025,20251231,4,USD,,,42600000.0,
0000073124-26-000016,InterestAndDividendIncomeOperating,us-gaap/2025,20241231,4,USD,,,9762300000.0,
0000073124-26-000016,InterestBearingDepositsInBanks,us-gaap/2025,20251231,0,USD,FairValueByFairValueHierarchyLevel=FairValueInputsLevel2;FairValueByMeasurementBasis=EstimateOfFairValueFairValueDisclosure;,,1729400000.0,
0000073124-26-000016,InterestExpenseOperating,us-gaap/2025,20241231,4,USD,,,7585200000.0,
0000073124-26-000016,InterestIncomeExpenseAfterProvisionForLoanLoss,us-gaap/2025,20251231,4,USD,,,2418500000.0,
0000073124-26-000016,InterestIncomeExpenseNet,us-gaap/2025,20231231,4,USD,BusinessSegments=AssetServicingSegment;ConsolidationItems=OperatingSegments;,,1197300000.0,
0000073124-26-000016,InterestIncomeExpenseNet,us-gaap/2025,20241231,4,USD,BusinessSegments=AssetServicingSegment;ConsolidationItems=OperatingSegments;,,1209500000.0,
0000073124-26-000016,InterestIncomeExpenseNet,us-gaap/2025,20251231,4,USD,BusinessSegments=WealthManagementSegment;ConsolidationItems=OperatingSegments;,,1042500000.0,
0000073124-26-000016,InterestPaidNet,us-gaap/2025,20251231,4,USD,,,6223700000.0,
0000073124-26-000016,Liabilities,us-gaap/2025,20241231,0,USD,ConsolidatedEntities=ParentCompany;,,5355100000.0,
0000073124-26-000016,NetCashProvidedByUsedInFinancingActivities,us-gaap/2025,20251231,4,USD,,,15175900000.0,
0000073124-26-000016,NetCashProvidedByUsedInInvestingActivities,us-gaap/2025,20231231,4,USD,,,4784100000.0,
0000073124-26-000016,NetCashProvidedByUsedInInvestingActivities,us-gaap/2025,20251231,4,USD,ConsolidatedEntities=ParentCompany;,,-116600000.0,
0000073124-26-000016,NetCashProvidedByUsedInOperatingActivities,us-gaap/2025,20251231,4,USD,,,5533500000.0,
0000073124-26-000016,NetIncomeLoss,us-gaap/2025,20231231,4,USD,BusinessSegments=AssetServicingSegment;ConsolidationItems=OperatingSegments;,,677300000.0,
0000073124-26-000016,NetIncomeLoss,us-gaap/2025,20241231,4,USD,BusinessSegments=WealthManagementSegment;ConsolidationItems=OperatingSegments;,,908200000.0,
0000073124-26-000016,NetIncomeLoss,us-gaap/2025,20241231,4,USD,EquityComponents=RetainedEarnings;,,2031100000.0,
0000073124-26-000016,NetIncomeLoss,us-gaap/2025,20251231,4,USD,Geographical=US;,,1297400000.0,
0000073124-26-000016,NetIncomeLossAvailableToCommonStockholdersBasic,us-gaap/2025,20241231,4,USD,ConsolidatedEntities=ParentCompany;,,1989300000.0,
0000073124-26-000016,NoninterestExpense,us-gaap/2025,20231231,4,USD,,,5284200000.0,
0000073124-26-000016,NoninterestIncome,us-gaap/2025,20241231,4,USD,BusinessSegments=AssetServicingSegment;ConsolidationItems=OperatingSegments;,,3151000000.0,
0000073124-26-000016,NoninterestIncome,us-gaap/2025,20251231,4,USD,BusinessSegments=AssetServicingSegment;ConsolidationItems=OperatingSegments;,,3366400000.0,
0000073124-26-000016,NoninterestIncomeOtherOperatingIncome,us-gaap/2025,20241231,4,USD,ProductOrService=BankOwnedLifeInsurance;,,79100000.0,
0000073124-26-000016,OtherBorrowings,us-gaap/2025,20241231,0,USD,FairValueByFairValueHierarchyLevel=FairValueInputsLevel1;FairValueByMeasurementBasis=EstimateOfFairValueFairValueDisclosure;,,0.0,
0000073124-26-000016,OtherBorrowings,us-gaap/2025,20241231,0,USD,FairValueByMeasurementBasis=CarryingReportedAmountFairValueDisclosure;,,6521000000.0,
0000073124-26-000016,OtherBorrowings,us-gaap/2025,20251231,0,USD,FairValueByMeasurementBasis=EstimateOfFairValueFairValueDisclosure;,,7185500000.0,
0000073124-26-000016,OtherComprehensiveIncomeLossNetOfTaxPortionAttributableToParent,us-gaap/2025,20251231,4,USD,EquityComponents=AccumulatedOtherComprehensiveIncome;,,223500000.0,
0000073124-26-000016,OtherComprehensiveIncomeLossNetOfTaxPortionAttributableToParent,us-gaap/2025,20251231,4,USD,EquityComponents=AccumulatedTranslationAdjustment;,,15800000.0,
0000073124-26-000016,OtherLiabilities,us-gaap/2025,20251231,0,USD,,,4949600000.0,
0000073124-26-000016,PaymentsForProceedsFromFederalReserveAndForeignCentralBankDeposits,0000073124-26-000016,20231231,4,USD,,,-6205900000.0,
0000073124-26-000016,PaymentsForProceedsFromLoansReceivable,us-gaap/2025,20241231,4,USD,,,-4165700000.0,
0000073124-26-000016,PaymentsForProceedsFromOtherInvestingActivities,us-gaap/2025,20251231,4,USD,ConsolidatedEntities=ParentCompany;,,116600000.0,
0000073124-26-000016,PaymentsForRepurchaseOfCommonStock,us-gaap/2025,20241231,4,USD,ConsolidatedEntities=ParentCompany;,,937800000.0,
0000073124-26-000016,PaymentsForSoftware,us-gaap/2025,20231231,4,USD,,,559300000.0,
0000073124-26-000016,PaymentsForSoftware,us-gaap/2025,20241231,4,USD,,,644000000.0,
0000073124-26-000016,PreferredStockSharesOutstanding,us-gaap/2025,20241231,0,shares,ClassOfStock=SeriesEPreferredStock;,,16000.0,
0000073124-26-000016,PreferredStockValue,us-gaap/2025,20241231,0,USD,ClassOfStock=SeriesEPreferredStock;,,391400000.0,
0000073124-26-000016,ProceedsFromIssuanceOfSeniorLongTermDebt,us-gaap/2025,20251231,4,USD,,,499800000.0,
0000073124-26-000016,ProceedsFromIssuanceOfSeniorLongTermDebt,us-gaap/2025,20251231,4,USD,ConsolidatedEntities=ParentCompany;,,499800000.0,
0000073124-26-000016,ProceedsFromIssuanceOfSubordinatedLongTermDebt,us-gaap/2025,20241231,4,USD,,,0.0,
0000073124-26-000016,ProceedsFromPaymentsForInSecuritiesSoldUnderAgreementsToRepurchase,us-gaap/2025,20231231,4,USD,,,217500000.0,
0000073124-26-000016,ProceedsFromPaymentsForInSecuritiesSoldUnderAgreementsToRepurchase,us-gaap/2025,20241231,4,USD,,,-322700000.0,
0000073124-26-000016,ProceedsFromStockOptionsExercised,us-gaap/2025,20241231,4,USD,ConsolidatedEntities=ParentCompany;,,9400000.0,
0000073124-26-000016,ProfessionalFees,us-gaap/2025,20241231,4,USD,ConsolidationItems=CorporateAndReconcilingItems;,,763400000.0,
0000073124-26-000016,PropertyPlantAndEquipmentNet,us-gaap/2025,20241231,0,USD,PropertyPlantAndEquipmentByType=Equipment;,,196200000.0,
0000073124-26-000016,PropertyPlantAndEquipmentNet,us-gaap/2025,20251231,0,USD,PropertyPlantAndEquipmentByType=LandImprovements;,,11200000.0,
0000073124-26-000016,RevenueFromContractWithCustomerExcludingAssessedTax,us-gaap/2025,20231231,4,USD,ProductOrService=ProductsandServicesOtherOperatingIncome;,,38900000.0,
0000073124-26-000016,RevenueFromContractWithCustomerExcludingAssessedTax,us-gaap/2025,20241231,4,USD,ProductOrService=SecuritiesLending;,,74300000.0,
0000073124-26-000016,RevenueFromContractWithCustomerExcludingAssessedTax,us-gaap/2025,20251231,4,USD,,,5017800000.0,
0000073124-26-000016,RevenueFromContractWithCustomerExcludingAssessedTax,us-gaap/2025,20251231,4,USD,BusinessSegments=WealthManagementSegment;ConsolidationItems=OperatingSegments;,,2217600000.0,
0000073124-26-000016,SecuritiesSoldUnderAgreementsToRepurchase,us-gaap/2025,20241231,0,USD,FairValueByFairValueHierarchyLevel=FairValueInputsLevel2;FairValueByMeasurementBasis=EstimateOfFairValueFairValueDisclosure;,,462000000.0,
0000073124-26-000016,SecuritiesSoldUnderAgreementsToRepurchase,us-gaap/2025,20251231,0,USD,,,292200000.0,
0000073124-26-000016,SecuritiesSoldUnderAgreementsToRepurchase,us-gaap/2025,20251231,0,USD,FairValueByFairValueHierarchyLevel=FairValueInputsLevel3;FairValueByMeasurementBasis=EstimateOfFairValueFairValueDisclosure;,,0.0,
0000073124-26-000016,SecurityCommissionsandTradingIncome,0000073124-26-000016,20251231,4,USD,,,170400000.0,
0000073124-26-000016,SeniorNotes,us-gaap/2025,20241231,0,USD,LongtermDebtType=FixedRateCorporateSeniorNotesDueMay2030;,,826500000.0,
0000073124-26-000016,SeniorNotes,us-gaap/2025,20241231,0,USD,LongtermDebtType=FixedRateCorporateSeniorNotesMay2029;,,465300000.0,
0000073124-26-000016,StockholdersEquity,us-gaap/2025,20221231,0,USD,EquityComponents=CommonStock;,,408600000.0,
0000073124-26-000016,StockholdersEquity,us-gaap/2025,20231231,0,USD,EquityComponents=AdditionalPaidInCapital;,,1009600000.0,
0000073124-26-000016,StockholdersEquity,us-gaap/2025,20241231,0,USD,EquityComponents=RetainedEarnings;,,15614700000.0,
0000073124-26-000016,StockIssuedDuringPeriodValueShareBasedCompensation,us-gaap/2025,20241231,4,USD,,,131900000.0,
0000073124-26-000016,SubordinatedDebtAndLongTermFederalHomeLoanBankAdvances,0000073124-26-000016,20251231,0,USD,,,3484400000.0,
0000073124-26-000016,TimeDeposits,us-gaap/2025,20241231,0,USD,,,5731700000.0,
0000073124-26-000016,TreasuryStockValueAcquiredCostMethod,us-gaap/2025,20241231,4,USD,,,937800000.0,
0000073124-26-000016,WeightedAverageNumberOfDilutedSharesOutstanding,us-gaap/2025,20241231,4,shares,,,201870105.0,
0000073124-26-000016,AccretionAmortizationOfDiscountsAndPremiumsInvestments,us-gaap/2025,20231231,4,USD,,,-3000000.0,
0000073124-26-000016,AccumulatedOtherComprehensiveIncomeLossNetOfTax,us-gaap/2025,20241231,0,USD,ConsolidatedEntities=ParentCompany;,,-814000000.0,
0000073124-26-000016,Assets,us-gaap/2025,20251231,0,USD,Geographical=NonUs;,,54803500000.0,
0000073124-26-000016,CashCashEquivalentsRestrictedCashAndRestrictedCashEquivalentsPeriodIncreaseDecreaseIncludingExchangeRateEffect,us-gaap/2025,20231231,4,USD,ConsolidatedEntities=ParentCompany;,,194100000.0,
0000073124-26-000016,CommonStockDividendsPerShareDeclared,us-gaap/2025,20231231,4,USD,,,3.0,
0000073124-26-000016,CommonStockDividendsPerShareDeclared,us-gaap/2025,20241231,4,USD,,,3.0,
0000073124-26-000016,CommonStockParOrStatedValuePerShare,us-gaap/2025,20251231,0,USD,,,1.6667,
0000073124-26-000016,CommonStockSharesAuthorized,us-gaap/2025,20251231,0,shares,,,560000000.0,
0000073124-26-000016,CommonStockSharesOutstanding,us-gaap/2025,20251231,0,shares,,,186337588.0,
0000073124-26-000016,CommonStockValue,us-gaap/2025,20251231,0,USD,ConsolidatedEntities=ParentCompany;,,408600000.0,
0000073124-26-000016,CreditLossExpenseReversalAndAvailableForSaleAllowanceForCreditLoss,0000073124-26-000016,20231231,4,USD,ConsolidationItems=CorporateAndReconcilingItems;,,0.0,
0000073124-26-000016,CreditLossExpenseReversalAndAvailableForSaleAllowanceForCreditLoss,0000073124-26-000016,20241231,4,USD,BusinessSegments=AssetServicingSegment;ConsolidationItems=OperatingSegments;,,-4600000.0,
0000073124-26-000016,DebtSecuritiesAvailableForSaleAmortizedCostExcludingAccruedInterestAfterAllowanceForCreditLoss,us-gaap/2025,20251231,0,USD,FinancialInstrument=OtherAssetBackedSecurities;,,2720500000.0,
0000073124-26-000016,DebtSecuritiesAvailableForSaleExcludingAccruedInterest,us-gaap/2025,20241231,0,USD,FairValueByFairValueHierarchyLevel=FairValueInputsLevel2;,,21600000000.0,
0000073124-26-000016,DebtSecuritiesAvailableForSaleExcludingAccruedInterest,us-gaap/2025,20241231,0,USD,FairValueByFairValueHierarchyLevel=FairValueInputsLevel2;FairValueByMeasurementFrequency=FairValueMeasurementsRecurring;FinancialInstrument=CoveredBonds;,,230900000.0,
0000073124-26-000016,DebtSecuritiesAvailableForSaleExcludingAccruedInterest,us-gaap/2025,20241231,0,USD,FairValueByFairValueHierarchyLevel=FairValueInputsLevel2;FairValueByMeasurementFrequency=FairValueMeasurementsRecurring;FinancialInstrument=ForeignGovernmentDebtSecurities;,,296800000.0,
0000073124-26-000016,DebtSecuritiesAvailableForSaleExcludingAccruedInterest,us-gaap/2025,20241231,0,USD,FairValueByFairValueHierarchyLevel=FairValueInputsLevel3;FairValueByMeasurementFrequency=FairValueMeasurementsRecurring;FinancialInstrument=CorporateDebtSecurities;,,0.0,
0000073124-26-000016,DebtSecuritiesAvailableForSaleExcludingAccruedInterest,us-gaap/2025,20241231,0,USD,FairValueByMeasurementFrequency=FairValueMeasurementsRecurring;FinancialInstrument=ForeignGovernmentDebtSecurities;,,296800000.0,
0000073124-26-000016,DebtSecuritiesAvailableForSaleExcludingAccruedInterest,us-gaap/2025,20241231,0,USD,FairValueByMeasurementFrequency=FairValueMeasurementsRecurring;FinancialInstrument=OtherAssetBackedSecurities;,,2182700000.0,
0000073124-26-000016,DebtSecuritiesAvailableForSaleExcludingAccruedInterest,us-gaap/2025,20241231,0,USD,FinancialInstrument=CommercialMortgageBackedSecurities;,,590200000.0,
0000073124-26-000016,DebtSecuritiesAvailableForSaleExcludingAccruedInterest,us-gaap/2025,20241231,0,USD,FinancialInstrument=ForeignGovernmentDebtSecurities;,,296800000.0,
0000073124-26-000016,DebtSecuritiesAvailableForSaleExcludingAccruedInterest,us-gaap/2025,20251231,0,USD,FairValueByFairValueHierarchyLevel=FairValueInputsLevel1;FairValueByMeasurementFrequency=FairValueMeasurementsRecurring;FinancialInstrument=SubSovereignSupranationalAndNonUsAgencyBonds;,,0.0,
0000073124-26-000016,DebtSecuritiesAvailableForSaleExcludingAccruedInterest,us-gaap/2025,20251231,0,USD,FairValueByFairValueHierarchyLevel=FairValueInputsLevel2;FairValueByMeasurementFrequency=FairValueMeasurementsRecurring;FinancialInstrument=CommercialMortgageBackedSecurities;,,409000000.0,
0000073124-26-000016,DebtSecuritiesAvailableForSaleExcludingAccruedInterest,us-gaap/2025,20251231,0,USD,FairValueByFairValueHierarchyLevel=FairValueInputsLevel2;FairValueByMeasurementFrequency=FairValueMeasurementsRecurring;FinancialInstrument=USGovernmentAgenciesDebtSecurities;,,16567500000.0,
0000073124-26-000016,DebtSecuritiesAvailableForSaleExcludingAccruedInterest,us-gaap/2025,20251231,0,USD,FairValueByFairValueHierarchyLevel=FairValueInputsLevel2;FairValueByMeasurementFrequency=FairValueMeasurementsRecurring;FinancialInstrument=USTreasuryAndGovernment;,,0.0,
0000073124-26-000016,DebtSecuritiesHeldToMaturityExcludingAccruedInterestAfterAllowanceForCreditLoss,us-gaap/2025,20241231,0,USD,FinancialInstrument=SubSovereignSupranationalAndNonUsAgencyBonds;,,4146900000.0,
0000073124-26-000016,DebtSecuritiesHeldToMaturityExcludingAccruedInterestAfterAllowanceForCreditLoss,us-gaap/2025,20251231,0,USD,FinancialInstrument=CommercialMortgageBackedSecurities;,,37600000.0,
0000073124-26-000016,DebtSecuritiesHeldToMaturityExcludingAccruedInterestAfterAllowanceForCreditLoss,us-gaap/2025,20251231,0,USD,FinancialInstrument=SubSovereignSupranationalAndNonUsAgencyBonds;,,4511500000.0,
0000073124-26-000016,DeferredIncomeTaxExpenseBenefit,us-gaap/2025,20231231,4,USD,,,-48200000.0,
0000073124-26-000016,DeferredIncomeTaxExpenseBenefit,us-gaap/2025,20241231,4,USD,,,20700000.0,
0000073124-26-000016,DefinedBenefitPlanBenefitObligationIncreaseDecreaseForAmortizationPeriodAdjustment,0000073124-26-000016,20241231,4,USD,BusinessSegments=AssetServicingSegment;ConsolidationItems=OperatingSegments;,,70000000.0,
0000073124-26-000016,Deposits,us-gaap/2025,20241231,0,USD,FairValueByMeasurementBasis=EstimateOfFairValueFairValueDisclosure;,,122536500000.0,
0000073124-26-000016,Deposits,us-gaap/2025,20251231,0,USD,,,142797700000.0,
0000073124-26-000016,DividendsCommonStock,us-gaap/2025,20231231,4,USD,,,630200000.0,
0000073124-26-000016,DividendsCommonStock,us-gaap/2025,20241231,4,USD,EquityComponents=RetainedEarnings;,,608400000.0,
0000073124-26-000016,DividendsCommonStock,us-gaap/2025,20251231,4,USD,,,600500000.0,
0000073124-26-000016,EarningsPerShareBasic,us-gaap/2025,20231231,4,USD,,,5.09,
0000073124-26-000016,EarningsPerShareBasic,us-gaap/2025,20241231,4,USD,,,9.8,
0000073124-26-000016,EarningsPerShareDiluted,us-gaap/2025,20251231,4,USD,,,8.74,
0000073124-26-000016,FederalFundsPurchased,us-gaap/2025,20241231,0,USD,FairValueByFairValueHierarchyLevel=FairValueInputsLevel3;FairValueByMeasurementBasis=EstimateOfFairValueFairValueDisclosure;,,0.0,
0000073124-26-000016,FederalFundsPurchased,us-gaap/2025,20241231,0,USD,FairValueByMeasurementBasis=CarryingReportedAmountFairValueDisclosure;,,2159500000.0,
0000073124-26-000016,FederalFundsSoldAndSecuritiesPurchasedUnderAgreementsToResell,us-gaap/2025,20241231,0,USD,FairValueByMeasurementBasis=EstimateOfFairValueFairValueDisclosure;,,451000000.0,
0000073124-26-000016,FederalReserveAndForeignCentralBankDeposits,0000073124-26-000016,20251231,0,USD,,,53524900000.0,
0000073124-26-000016,FinancingReceivableDeferredIncome,us-gaap/2025,20241231,0,USD,,,6300000.0,
0000073124-26-000016,FinancingReceivableExcludingAccruedInterestBeforeAllowanceForCreditLoss,us-gaap/2025,20241231,0,USD,FinancingReceivablePortfolioSegment=CommercialPortfolioSegment;FinancingReceivableRecordedInvestmentByClassOfFinancingReceivable=CommercialRealEstateConstructionAcquisitionAndDevelopment;,,567900000.0,
0000073124-26-000016,FinancingReceivableExcludingAccruedInterestBeforeAllowanceForCreditLoss,us-gaap/2025,20241231,0,USD,FinancingReceivablePortfolioSegment=CommercialPortfolioSegment;FinancingReceivableRecordedInvestmentByClassOfFinancingReceivable=CommercialRealEstateMortgageOther;,,630300000.0,
0000073124-26-000016,FinancingReceivableExcludingAccruedInterestBeforeAllowanceForCreditLoss,us-gaap/2025,20241231,0,USD,FinancingReceivablePortfolioSegment=CommercialPortfolioSegment;FinancingReceivableRecordedInvestmentByClassOfFinancingReceivable=CommercialRealEstateMortgageRetail;,,665600000.0,
0000073124-26-000016,FinancingReceivableExcludingAccruedInterestBeforeAllowanceForCreditLoss,us-gaap/2025,20241231,0,USD,FinancingReceivablePortfolioSegment=ConsumerPortfolioSegment;FinancingReceivableRecordedInvestmentByClassOfFinancingReceivable=OtherConsumerLoan;InternalCreditAssessment=OneToThreeInternalGrade;,,168500000.0,
0000073124-26-000016,FinancingReceivableExcludingAccruedInterestBeforeAllowanceForCreditLoss,us-gaap/2025,20241231,0,USD,FinancingReceivablePortfolioSegment=ConsumerPortfolioSegment;FinancingReceivableRecordedInvestmentByClassOfFinancingReceivable=PrivateClient;InternalCreditAssessment=OneToThreeInternalGrade;,,7546500000.0,
0000073124-26-000016,FinancingReceivableExcludingAccruedInterestBeforeAllowanceForCreditLoss,us-gaap/2025,20241231,0,USD,FinancingReceivablePortfolioSegment=ConsumerPortfolioSegment;FinancingReceivableRecordedInvestmentByClassOfFinancingReceivable=PrivateClient;InternalCreditAssessment=SixToNineInternalGrade;,,43700000.0,
0000073124-26-000016,FinancingReceivableExcludingAccruedInterestBeforeAllowanceForCreditLoss,us-gaap/2025,20241231,0,USD,FinancingReceivablePortfolioSegment=ConsumerPortfolioSegment;FinancingReceivableRecordedInvestmentByClassOfFinancingReceivable=ResidentialRealEstate;Geographical=CO;,,309900000.0,
0000073124-26-000016,FinancingReceivableExcludingAccruedInterestBeforeAllowanceForCreditLoss,us-gaap/2025,20251231,0,USD,,,41948300000.0,
0000073124-26-000016,FinancingReceivableExcludingAccruedInterestBeforeAllowanceForCreditLoss,us-gaap/2025,20251231,0,USD,FinancingReceivablePortfolioSegment=CommercialPortfolioSegment;FinancingReceivableRecordedInvestmentByClassOfFinancingReceivable=CommercialRealEstate;InternalCreditAssessment=FourToFiveInternalGrade;,,4579000000.0,
0000073124-26-000016,FinancingReceivableExcludingAccruedInterestBeforeAllowanceForCreditLoss,us-gaap/2025,20251231,0,USD,FinancingReceivablePortfolioSegment=CommercialPortfolioSegment;FinancingReceivableRecordedInvestmentByClassOfFinancingReceivable=CommercialRealEstateMortgageRetail;,,695900000.0,
0000073124-26-000016,FinancingReceivableExcludingAccruedInterestBeforeAllowanceForCreditLoss,us-gaap/2025,20251231,0,USD,FinancingReceivablePortfolioSegment=CommercialPortfolioSegment;FinancingReceivableRecordedInvestmentByClassOfFinancingReceivable=OtherCommercialLoan;InternalCreditAssessment=OneToThreeInternalGrade;,,1730000000.0,
0000073124-26-000016,FinancingReceivableExcludingAccruedInterestBeforeAllowanceForCreditLoss,us-gaap/2025,20251231,0,USD,FinancingReceivablePortfolioSegment=ConsumerPortfolioSegment;FinancingReceivableRecordedInvestmentByClassOfFinancingReceivable=PrivateClient;InternalCreditAssessment=FourToFiveInternalGrade;,,8352500000.0,
0000073124-26-000016,FinancingReceivableExcludingAccruedInterestBeforeAllowanceForCreditLoss,us-gaap/2025,20251231,0,USD,FinancingReceivablePortfolioSegment=ConsumerPortfolioSegment;FinancingReceivableRecordedInvestmentByClassOfFinancingReceivable=PrivateClient;InternalCreditAssessment=SixToNineInternalGrade;,,23900000.0,
0000073124-26-000016,HeldToMaturitySecuritiesFairValue,us-gaap/2025,20241231,0,USD,FairValueByFairValueHierarchyLevel=FairValueInputsLevel1;FairValueByMeasurementBasis=EstimateOfFairValueFairValueDisclosure;,,0.0,
0000073124-26-000016,HeldToMaturitySecuritiesFairValue,us-gaap/2025,20241231,0,USD,FinancialInstrument=USStatesAndPoliticalSubdivisions;,,2458900000.0,
0000073124-26-000016,HeldToMaturitySecuritiesFairValue,us-gaap/2025,20251231,0,USD,FinancialInstrument=CorporateDebtSecurities;,,384000000.0,
0000073124-26-000016,HeldToMaturitySecuritiesFairValue,us-gaap/2025,20251231,0,USD,FinancialInstrument=CoveredBonds;,,1713200000.0,
0000073124-26-000016,IncomeLossFromContinuingOperationsBeforeIncomeTaxesExtraordinaryItemsNoncontrollingInterest,us-gaap/2025,20231231,4,USD,BusinessSegments=AssetServicingSegment;ConsolidationItems=OperatingSegments;,,864400000.0,
0000073124-26-000016,IncomeTaxExpenseBenefit,us-gaap/2025,20251231,4,USD,,,602600000.0,
0000073124-26-000016,IncreaseDecreaseInAccruedIncomeTaxesPayable,us-gaap/2025,20251231,4,USD,ConsolidatedEntities=ParentCompany;,,-17400000.0,
0000073124-26-000016,IncreaseDecreaseInInterestPayableNet,us-gaap/2025,20231231,4,USD,,,85800000.0,
0000073124-26-000016,IncreaseDecreaseInOtherOperatingCapitalNet,us-gaap/2025,20231231,4,USD,ConsolidatedEntities=ParentCompany;,,-138100000.0,
0000073124-26-000016,InterestAndDividendIncomeOperating,us-gaap/2025,20251231,4,USD,,,8624600000.0,
0000073124-26-000016,InterestBearingDepositsInBanks,us-gaap/2025,20241231,0,USD,FairValueByFairValueHierarchyLevel=FairValueInputsLevel1;FairValueByMeasurementBasis=EstimateOfFairValueFairValueDisclosure;,,0.0,
0000073124-26-000016,InterestBearingDepositsInBanks,us-gaap/2025,20241231,0,USD,FairValueByFairValueHierarchyLevel=FairValueInputsLevel2;FairValueByMeasurementBasis=EstimateOfFairValueFairValueDisclosure;,,1944700000.0,
0000073124-26-000016,InterestBearingDepositsInBanks,us-gaap/2025,20241231,0,USD,FairValueByMeasurementBasis=CarryingReportedAmountFairValueDisclosure;,,1944700000.0,
0000073124-26-000016,InterestIncomeExpenseNet,us-gaap/2025,20231231,4,USD,BusinessSegments=WealthManagementSegment;ConsolidationItems=OperatingSegments;,,842200000.0,
0000073124-26-000016,InterestIncomeExpenseNet,us-gaap/2025,20241231,4,USD,BusinessSegments=WealthManagementSegment;ConsolidationItems=OperatingSegments;,,993400000.0,
0000073124-26-000016,InterestIncomeExpenseNet,us-gaap/2025,20251231,4,USD,,,2411000000.0,
0000073124-26-000016,Liabilities,us-gaap/2025,20251231,0,USD,ConsolidatedEntities=ParentCompany;,,5952100000.0,
0000073124-26-000016,LiabilitiesAndStockholdersEquity,us-gaap/2025,20251231,0,USD,,,177132700000.0,
0000073124-26-000016,NetCashProvidedByUsedInFinancingActivities,us-gaap/2025,20251231,4,USD,ConsolidatedEntities=ParentCompany;,,-1404500000.0,
0000073124-26-000016,NetCashProvidedByUsedInInvestingActivities,us-gaap/2025,20241231,4,USD,ConsolidatedEntities=ParentCompany;,,100000.0,
0000073124-26-000016,NetCashProvidedByUsedInInvestingActivities,us-gaap/2025,20251231,4,USD,,,-20169900000.0,
0000073124-26-000016,NetIncomeLoss,us-gaap/2025,20231231,4,USD,,,1107300000.0,
0000073124-26-000016,NetIncomeLoss,us-gaap/2025,20231231,4,USD,Geographical=US;,,732700000.0,
0000073124-26-000016,NetIncomeLoss,us-gaap/2025,20241231,4,USD,,,2031100000.0,
0000073124-26-000016,NetIncomeLoss,us-gaap/2025,20251231,4,USD,BusinessSegments=AssetServicingSegment;ConsolidationItems=OperatingSegments;,,882600000.0,
0000073124-26-000016,NoninterestBearingDepositLiabilitiesDomestic,us-gaap/2025,20251231,0,USD,,,14810700000.0,
0000073124-26-000016,NoninterestBearingDepositLiabilitiesForeign,us-gaap/2025,20241231,0,USD,,,10027900000.0,
0000073124-26-000016,OtherAssets,us-gaap/2025,20241231,0,USD,ConsolidatedEntities=ParentCompany;,,987300000.0,
0000073124-26-000016,OtherBorrowings,us-gaap/2025,20241231,0,USD,,,6521000000.0,
0000073124-26-000016,OtherBorrowings,us-gaap/2025,20241231,0,USD,FairValueByMeasurementBasis=EstimateOfFairValueFairValueDisclosure;,,6545300000.0,
0000073124-26-000016,OtherBorrowings,us-gaap/2025,20251231,0,USD,FairValueByFairValueHierarchyLevel=FairValueInputsLevel1;FairValueByMeasurementBasis=EstimateOfFairValueFairValueDisclosure;,,0.0,
0000073124-26-000016,OtherComprehensiveIncomeLossNetOfTaxPortionAttributableToParent,us-gaap/2025,20231231,4,USD,,,431300000.0,
0000073124-26-000016,OtherComprehensiveIncomeLossNetOfTaxPortionAttributableToParent,us-gaap/2025,20241231,4,USD,EquityComponents=AccumulatedGainLossNetCashFlowHedgeParent;,,-200000.0,
0000073124-26-000016,OtherComprehensiveIncomeLossNetOfTaxPortionAttributableToParent,us-gaap/2025,20251231,4,USD,EquityComponents=LongtermIntraentityForeignCurrencyTransactionGainsLosses;,,1000000.0,
0000073124-26-000016,OtherComprehensiveIncomeUnrealizedHoldingGainLossOnSecuritiesArisingDuringPeriodNetOfTax,us-gaap/2025,20241231,4,USD,,,325800000.0,
0000073124-26-000016,OtherNoninterestExpense,us-gaap/2025,20241231,4,USD,,,455200000.0,
0000073124-26-000016,PaymentsForProceedsFromOtherInvestingActivities,us-gaap/2025,20231231,4,USD,,,33500000.0,
0000073124-26-000016,PaymentsForProceedsFromOtherInvestingActivities,us-gaap/2025,20241231,4,USD,ConsolidatedEntities=ParentCompany;,,-100000.0,
0000073124-26-000016,PaymentsForRepurchaseOfCommonStock,us-gaap/2025,20251231,4,USD,,,1273500000.0,
0000073124-26-000016,PaymentsOfDividendsPreferredStockAndPreferenceStock,us-gaap/2025,20251231,4,USD,ConsolidatedEntities=ParentCompany;,,41800000.0,
0000073124-26-000016,PaymentsToAcquireHeldToMaturitySecurities,us-gaap/2025,20231231,4,USD,,,32773900000.0,
0000073124-26-000016,PaymentsToAcquireHeldToMaturitySecurities,us-gaap/2025,20251231,4,USD,,,33137200000.0,
0000073124-26-000016,PaymentsToAcquirePropertyPlantAndEquipment,us-gaap/2025,20231231,4,USD,,,116500000.0,
0000073124-26-000016,PensionContributions,us-gaap/2025,20241231,4,USD,,,212000000.0,
0000073124-26-000016,PensionContributions,us-gaap/2025,20251231,4,USD,,,142100000.0,
0000073124-26-000016,PreferredStockValue,us-gaap/2025,20241231,0,USD,ClassOfStock=SeriesDPreferredStock;,,493500000.0,
0000073124-26-000016,ProceedsFromPaymentsForInInterestBearingDepositsInBanks,us-gaap/2025,20251231,4,USD,,,277200000.0,
0000073124-26-000016,ProceedsFromPaymentsForOtherFinancingActivities,us-gaap/2025,20251231,4,USD,ConsolidatedEntities=ParentCompany;,,-3800000.0,
0000073124-26-000016,ProceedsFromPaymentsForSecuritiesPurchasedUnderAgreementsToResell,us-gaap/2025,20251231,4,USD,,,-2175600000.0,
0000073124-26-000016,ProceedsFromSaleAndMaturityOfAvailableForSaleSecurities,us-gaap/2025,20251231,4,USD,,,4982100000.0,
0000073124-26-000016,ProceedsFromSaleOfEquitySecuritiesFvNi,us-gaap/2025,20251231,4,USD,,,12100000.0,
0000073124-26-000016,ProceedsFromStockOptionsExercised,us-gaap/2025,20231231,4,USD,,,2300000.0,
0000073124-26-000016,ProfessionalFees,us-gaap/2025,20231231,4,USD,,,906500000.0,
0000073124-26-000016,ProfessionalFees,us-gaap/2025,20231231,4,USD,BusinessSegments=WealthManagementSegment;ConsolidationItems=OperatingSegments;,,43200000.0,
0000073124-26-000016,PropertyPlantAndEquipmentNet,us-gaap/2025,20241231,0,USD,,,490300000.0,
0000073124-26-000016,PropertyPlantAndEquipmentNet,us-gaap/2025,20241231,0,USD,PropertyPlantAndEquipmentByType=LeaseholdImprovements;,,199800000.0,
0000073124-26-000016,RepaymentsOfSubordinatedDebt,us-gaap/2025,20251231,4,USD,ConsolidatedEntities=ParentCompany;,,750000000.0,
0000073124-26-000016,RetainedEarningsAccumulatedDeficit,us-gaap/2025,20241231,0,USD,,,15614700000.0,
0000073124-26-000016,RetainedEarningsAccumulatedDeficit,us-gaap/2025,20241231,0,USD,ConsolidatedEntities=ParentCompany;,,15614700000.0,
0000073124-26-000016,RevenueFromContractWithCustomerExcludingAssessedTax,us-gaap/2025,20231231,4,USD,BusinessSegments=WealthManagementSegment;ConsolidationItems=OperatingSegments;,,1899900000.0,
0000073124-26-000016,RevenueFromContractWithCustomerExcludingAssessedTax,us-gaap/2025,20231231,4,USD,ProductOrService=OtherTrustInvestmentAndOtherServicingFees;,,240300000.0,
0000073124-26-000016,RevenueFromContractWithCustomerExcludingAssessedTax,us-gaap/2025,20231231,4,USD,ProductOrService=SecuritiesLending;,,83900000.0,
0000073124-26-000016,RevenueFromContractWithCustomerExcludingAssessedTax,us-gaap/2025,20241231,4,USD,ProductOrService=InvestmentManagementandAdvisory;,,2491500000.0,
0000073124-26-000016,RevenueFromContractWithCustomerExcludingAssessedTax,us-gaap/2025,20251231,4,USD,ProductOrService=SecuritiesLending;,,83000000.0,
0000073124-26-000016,SecuritiesSoldUnderAgreementsToRepurchase,us-gaap/2025,20241231,0,USD,FairValueByFairValueHierarchyLevel=FairValueInputsLevel1;FairValueByMeasurementBasis=EstimateOfFairValueFairValueDisclosure;,,0.0,
0000073124-26-000016,SeniorNotes,us-gaap/2025,20241231,0,USD,,,2769700000.0,
0000073124-26-000016,SeniorNotes,us-gaap/2025,20241231,0,USD,FairValueByFairValueHierarchyLevel=FairValueInputsLevel3;FairValueByMeasurementBasis=EstimateOfFairValueFairValueDisclosure;,,0.0,
0000073124-26-000016,SeniorNotes,us-gaap/2025,20241231,0,USD,FairValueByMeasurementBasis=EstimateOfFairValueFairValueDisclosure;,,2800300000.0,
0000073124-26-000016,SeniorNotes,us-gaap/2025,20251231,0,USD,FairValueByMeasurementBasis=CarryingReportedAmountFairValueDisclosure;,,3351500000.0,
0000073124-26-000016,SeniorNotes,us-gaap/2025,20251231,0,USD,LongtermDebtType=FixedRateCorporateSeniorNotesDueMay2027;,,999000000.0,
0000073124-26-000016,SeniorNotes,us-gaap/2025,20251231,0,USD,LongtermDebtType=FixedRateCorporateSeniorNotesDueMay2030;,,879800000.0,
0000073124-26-000016,StockholdersEquity,us-gaap/2025,20221231,0,USD,EquityComponents=AccumulatedTranslationAdjustment;,,164600000.0,
0000073124-26-000016,StockholdersEquity,us-gaap/2025,20221231,0,USD,EquityComponents=PreferredStock;,,884900000.0,
0000073124-26-000016,StockholdersEquity,us-gaap/2025,20221231,0,USD,EquityComponents=RetainedEarnings;,,13798500000.0,
0000073124-26-000016,StockholdersEquity,us-gaap/2025,20231231,0,USD,EquityComponents=AccumulatedNetUnrealizedInvestmentGainLoss;,,-923900000.0,
0000073124-26-000016,StockholdersEquity,us-gaap/2025,20241231,0,USD,EquityComponents=AccumulatedNetUnrealizedInvestmentGainLoss;,,-598100000.0,
0000073124-26-000016,StockIssuedDuringPeriodValueShareBasedCompensation,us-gaap/2025,20251231,4,USD,,,135800000.0,
0000073124-26-000016,TransferToOtherRealEstate,us-gaap/2025,20241231,4,USD,,,0.0,
0000073124-26-000016,TreasuryStockValueAcquiredCostMethod,us-gaap/2025,20231231,4,USD,,,347500000.0,
0000073124-26-000016,WeightedAverageNumberOfDilutedSharesOutstanding,us-gaap/2025,20251231,4,shares,,,192246525.0,
0000073124-26-000016,Assets,us-gaap/2025,20241231,0,USD,Geographical=US;,,103164600000.0,
0000073124-26-000016,Assets,us-gaap/2025,20251231,0,USD,Geographical=US;,,122329200000.0,
0000073124-26-000016,CashAndDueFromBanks,us-gaap/2025,20231231,0,USD,ConsolidatedEntities=ParentCompany;,,795500000.0,
0000073124-26-000016,CashCashEquivalentsRestrictedCashAndRestrictedCashEquivalents,us-gaap/2025,20221231,0,USD,,,4654200000.0,
0000073124-26-000016,CashCashEquivalentsRestrictedCashAndRestrictedCashEquivalents,us-gaap/2025,20231231,0,USD,,,4791500000.0,
0000073124-26-000016,CashCashEquivalentsRestrictedCashAndRestrictedCashEquivalentsPeriodIncreaseDecreaseIncludingExchangeRateEffect,us-gaap/2025,20241231,4,USD,,,-114300000.0,
0000073124-26-000016,CashCashEquivalentsRestrictedCashAndRestrictedCashEquivalentsPeriodIncreaseDecreaseIncludingExchangeRateEffect,us-gaap/2025,20241231,4,USD,ConsolidatedEntities=ParentCompany;,,1587600000.0,
0000073124-26-000016,CommonStockSharesAuthorized,us-gaap/2025,20241231,0,shares,,,560000000.0,
0000073124-26-000016,CommonStockValue,us-gaap/2025,20241231,0,USD,ConsolidatedEntities=ParentCompany;,,408600000.0,
0000073124-26-000016,CommonStockValue,us-gaap/2025,20251231,0,USD,,,408600000.0,
0000073124-26-000016,ComprehensiveIncomeNetOfTax,us-gaap/2025,20231231,4,USD,,,1538600000.0,
0000073124-26-000016,CreditLossExpenseReversalAndAvailableForSaleAllowanceForCreditLoss,0000073124-26-000016,20241231,4,USD,BusinessSegments=WealthManagementSegment;ConsolidationItems=OperatingSegments;,,8800000.0,
0000073124-26-000016,DebtSecuritiesAvailableForSaleAmortizedCostExcludingAccruedInterestAfterAllowanceForCreditLoss,us-gaap/2025,20241231,0,USD,FinancialInstrument=USStatesAndPoliticalSubdivisions;,,311200000.0,
0000073124-26-000016,DebtSecuritiesAvailableForSaleAmortizedCostExcludingAccruedInterestAfterAllowanceForCreditLoss,us-gaap/2025,20251231,0,USD,FinancialInstrument=CommercialMortgageBackedSecurities;,,417400000.0,
0000073124-26-000016,DebtSecuritiesAvailableForSaleExcludingAccruedInterest,us-gaap/2025,20241231,0,USD,FairValueByFairValueHierarchyLevel=FairValueInputsLevel1;FairValueByMeasurementFrequency=FairValueMeasurementsRecurring;,,7367500000.0,
0000073124-26-000016,DebtSecuritiesAvailableForSaleExcludingAccruedInterest,us-gaap/2025,20241231,0,USD,FairValueByFairValueHierarchyLevel=FairValueInputsLevel1;FairValueByMeasurementFrequency=FairValueMeasurementsRecurring;FinancialInstrument=ForeignGovernmentDebtSecurities;,,0.0,
0000073124-26-000016,DebtSecuritiesAvailableForSaleExcludingAccruedInterest,us-gaap/2025,20241231,0,USD,FairValueByMeasurementFrequency=FairValueMeasurementsRecurring;FinancialInstrument=USGovernmentAgenciesDebtSecurities;,,13288900000.0,
0000073124-26-000016,DebtSecuritiesAvailableForSaleExcludingAccruedInterest,us-gaap/2025,20251231,0,USD,FairValueByFairValueHierarchyLevel=FairValueInputsLevel2;FairValueByMeasurementFrequency=FairValueMeasurementsRecurring;FinancialInstrument=CoveredBonds;,,273500000.0,
0000073124-26-000016,DebtSecuritiesAvailableForSaleExcludingAccruedInterest,us-gaap/2025,20251231,0,USD,FairValueByFairValueHierarchyLevel=FairValueInputsLevel2;FairValueByMeasurementFrequency=FairValueMeasurementsRecurring;FinancialInstrument=SubSovereignSupranationalAndNonUsAgencyBonds;,,4984300000.0,
0000073124-26-000016,DebtSecuritiesAvailableForSaleExcludingAccruedInterest,us-gaap/2025,20251231,0,USD,FairValueByMeasurementFrequency=FairValueMeasurementsRecurring;FinancialInstrument=ForeignGovernmentDebtSecurities;,,527200000.0,
0000073124-26-000016,DebtSecuritiesHeldToMaturityExcludingAccruedInterestAfterAllowanceForCreditLoss,us-gaap/2025,20241231,0,USD,FinancialInstrument=CoveredBonds;,,1776800000.0,
0000073124-26-000016,DebtSecuritiesHeldToMaturityExcludingAccruedInterestAfterAllowanceForCreditLoss,us-gaap/2025,20241231,0,USD,FinancialInstrument=OtherSecurities;,,621700000.0,
0000073124-26-000016,DebtSecuritiesHeldToMaturityExcludingAccruedInterestAfterAllowanceForCreditLoss,us-gaap/2025,20251231,0,USD,FinancialInstrument=OtherSecurities;,,669200000.0,
0000073124-26-000016,DefinedBenefitPlanBenefitObligationIncreaseDecreaseForAmortizationPeriodAdjustment,0000073124-26-000016,20251231,4,USD,,,462100000.0,
0000073124-26-000016,Deposits,us-gaap/2025,20241231,0,USD,FairValueByFairValueHierarchyLevel=FairValueInputsLevel3;FairValueByMeasurementBasis=EstimateOfFairValueFairValueDisclosure;,,0.0,
0000073124-26-000016,Deposits,us-gaap/2025,20251231,0,USD,FairValueByMeasurementBasis=EstimateOfFairValueFairValueDisclosure;,,142348600000.0,
0000073124-26-000016,DividendsCommonStock,us-gaap/2025,20241231,4,USD,,,608400000.0,
0000073124-26-000016,DividendsCommonStock,us-gaap/2025,20251231,4,USD,EquityComponents=RetainedEarnings;,,600500000.0,
0000073124-26-000016,DividendsPreferredStock,us-gaap/2025,20241231,4,USD,EquityComponents=RetainedEarnings;,,41800000.0,
0000073124-26-000016,FederalFundsPurchased,us-gaap/2025,20251231,0,USD,,,2141100000.0,
0000073124-26-000016,FederalFundsPurchased,us-gaap/2025,20251231,0,USD,FairValueByFairValueHierarchyLevel=FairValueInputsLevel1;FairValueByMeasurementBasis=EstimateOfFairValueFairValueDisclosure;,,0.0,
0000073124-26-000016,FederalFundsPurchased,us-gaap/2025,20251231,0,USD,FairValueByMeasurementBasis=EstimateOfFairValueFairValueDisclosure;,,2141100000.0,
0000073124-26-000016,FederalFundsSoldAndSecuritiesPurchasedUnderAgreementsToResell,us-gaap/2025,20241231,0,USD,FairValueByFairValueHierarchyLevel=FairValueInputsLevel2;FairValueByMeasurementBasis=EstimateOfFairValueFairValueDisclosure;,,451000000.0,
0000073124-26-000016,FederalFundsSoldAndSecuritiesPurchasedUnderAgreementsToResell,us-gaap/2025,20241231,0,USD,FairValueByFairValueHierarchyLevel=FairValueInputsLevel3;FairValueByMeasurementBasis=EstimateOfFairValueFairValueDisclosure;,,0.0,
0000073124-26-000016,FederalFundsSoldAndSecuritiesPurchasedUnderAgreementsToResell,us-gaap/2025,20251231,0,USD,FairValueByFairValueHierarchyLevel=FairValueInputsLevel2;FairValueByMeasurementBasis=EstimateOfFairValueFairValueDisclosure;,,2654100000.0,
0000073124-26-000016,FederalFundsSoldAndSecuritiesPurchasedUnderAgreementsToResell,us-gaap/2025,20251231,0,USD,FairValueByFairValueHierarchyLevel=FairValueInputsLevel3;FairValueByMeasurementBasis=EstimateOfFairValueFairValueDisclosure;,,0.0,
0000073124-26-000016,FederalReserveAndForeignCentralBankDeposits,0000073124-26-000016,20241231,0,USD,,,38775400000.0,
0000073124-26-000016,FinancingReceivableExcludingAccruedInterestBeforeAllowanceForCreditLoss,us-gaap/2025,20241231,0,USD,FinancingReceivablePortfolioSegment=CommercialPortfolioSegment;FinancingReceivableRecordedInvestmentByClassOfFinancingReceivable=CommercialAndInstitutionalLoans;,,10537100000.0,
0000073124-26-000016,FinancingReceivableExcludingAccruedInterestBeforeAllowanceForCreditLoss,us-gaap/2025,20241231,0,USD,FinancingReceivablePortfolioSegment=CommercialPortfolioSegment;FinancingReceivableRecordedInvestmentByClassOfFinancingReceivable=CommercialRealEstate;InternalCreditAssessment=OneToThreeInternalGrade;,,917700000.0,
0000073124-26-000016,FinancingReceivableExcludingAccruedInterestBeforeAllowanceForCreditLoss,us-gaap/2025,20241231,0,USD,FinancingReceivablePortfolioSegment=CommercialPortfolioSegment;FinancingReceivableRecordedInvestmentByClassOfFinancingReceivable=CommercialRealEstateMortgageOffice;,,944400000.0,
0000073124-26-000016,FinancingReceivableExcludingAccruedInterestBeforeAllowanceForCreditLoss,us-gaap/2025,20241231,0,USD,FinancingReceivablePortfolioSegment=CommercialPortfolioSegment;FinancingReceivableRecordedInvestmentByClassOfFinancingReceivable=ForeignCommercialLoans;,,2113900000.0,
0000073124-26-000016,FinancingReceivableExcludingAccruedInterestBeforeAllowanceForCreditLoss,us-gaap/2025,20241231,0,USD,FinancingReceivablePortfolioSegment=CommercialPortfolioSegment;FinancingReceivableRecordedInvestmentByClassOfFinancingReceivable=OtherCommercialLoan;,,2313600000.0,
0000073124-26-000016,FinancingReceivableExcludingAccruedInterestBeforeAllowanceForCreditLoss,us-gaap/2025,20241231,0,USD,FinancingReceivablePortfolioSegment=CommercialPortfolioSegment;FinancingReceivableRecordedInvestmentByClassOfFinancingReceivable=OtherCommercialLoan;InternalCreditAssessment=OneToThreeInternalGrade;,,1142400000.0,
0000073124-26-000016,FinancingReceivableExcludingAccruedInterestBeforeAllowanceForCreditLoss,us-gaap/2025,20241231,0,USD,FinancingReceivablePortfolioSegment=ConsumerPortfolioSegment;FinancingReceivableRecordedInvestmentByClassOfFinancingReceivable=PrivateClient;,,15848800000.0,
0000073124-26-000016,FinancingReceivableExcludingAccruedInterestBeforeAllowanceForCreditLoss,us-gaap/2025,20241231,0,USD,FinancingReceivablePortfolioSegment=ConsumerPortfolioSegment;FinancingReceivableRecordedInvestmentByClassOfFinancingReceivable=ResidentialRealEstate;Geographical=CA;,,1371900000.0,
0000073124-26-000016,FinancingReceivableExcludingAccruedInterestBeforeAllowanceForCreditLoss,us-gaap/2025,20241231,0,USD,FinancingReceivablePortfolioSegment=ConsumerPortfolioSegment;FinancingReceivableRecordedInvestmentByClassOfFinancingReceivable=ResidentialRealEstate;Geographical=TX;,,308700000.0,
0000073124-26-000016,FinancingReceivableExcludingAccruedInterestBeforeAllowanceForCreditLoss,us-gaap/2025,20251231,0,USD,FinancingReceivablePortfolioSegment=CommercialPortfolioSegment;FinancingReceivableRecordedInvestmentByClassOfFinancingReceivable=CommercialAndInstitutionalLoans;,,9995000000.0,
0000073124-26-000016,FinancingReceivableExcludingAccruedInterestBeforeAllowanceForCreditLoss,us-gaap/2025,20251231,0,USD,FinancingReceivablePortfolioSegment=CommercialPortfolioSegment;FinancingReceivableRecordedInvestmentByClassOfFinancingReceivable=CommercialAndInstitutionalLoans;InternalCreditAssessment=FourToFiveInternalGrade;,,4022800000.0,
0000073124-26-000016,FinancingReceivableExcludingAccruedInterestBeforeAllowanceForCreditLoss,us-gaap/2025,20251231,0,USD,FinancingReceivablePortfolioSegment=CommercialPortfolioSegment;FinancingReceivableRecordedInvestmentByClassOfFinancingReceivable=CommercialAndInstitutionalLoans;InternalCreditAssessment=OneToThreeInternalGrade;,,5687500000.0,
0000073124-26-000016,FinancingReceivableExcludingAccruedInterestBeforeAllowanceForCreditLoss,us-gaap/2025,20251231,0,USD,FinancingReceivablePortfolioSegment=CommercialPortfolioSegment;FinancingReceivableRecordedInvestmentByClassOfFinancingReceivable=CommercialRealEstate;InternalCreditAssessment=SixToNineInternalGrade;,,126600000.0,
0000073124-26-000016,FinancingReceivableExcludingAccruedInterestBeforeAllowanceForCreditLoss,us-gaap/2025,20251231,0,USD,FinancingReceivablePortfolioSegment=CommercialPortfolioSegment;FinancingReceivableRecordedInvestmentByClassOfFinancingReceivable=CommercialRealEstateMortgageApartmentAndMultiFamily;,,1586400000.0,
0000073124-26-000016,FinancingReceivableExcludingAccruedInterestBeforeAllowanceForCreditLoss,us-gaap/2025,20251231,0,USD,FinancingReceivablePortfolioSegment=CommercialPortfolioSegment;FinancingReceivableRecordedInvestmentByClassOfFinancingReceivable=OtherCommercialLoan;InternalCreditAssessment=FourToFiveInternalGrade;,,1243700000.0,
0000073124-26-000016,FinancingReceivableExcludingAccruedInterestBeforeAllowanceForCreditLoss,us-gaap/2025,20251231,0,USD,FinancingReceivablePortfolioSegment=ConsumerPortfolioSegment;FinancingReceivableRecordedInvestmentByClassOfFinancingReceivable=HomeEquityLoan;,,294000000.0,
0000073124-26-000016,FinancingReceivableExcludingAccruedInterestBeforeAllowanceForCreditLoss,us-gaap/2025,20251231,0,USD,FinancingReceivablePortfolioSegment=ConsumerPortfolioSegment;FinancingReceivableRecordedInvestmentByClassOfFinancingReceivable=PrivateClient;,,14550400000.0,
0000073124-26-000016,FinancingReceivableExcludingAccruedInterestBeforeAllowanceForCreditLoss,us-gaap/2025,20251231,0,USD,FinancingReceivablePortfolioSegment=ConsumerPortfolioSegment;FinancingReceivableRecordedInvestmentByClassOfFinancingReceivable=ResidentialRealEstate;Geographical=CA;,,1291700000.0,
0000073124-26-000016,FinancingReceivableExcludingAccruedInterestBeforeAllowanceForCreditLoss,us-gaap/2025,20251231,0,USD,FinancingReceivablePortfolioSegment=ConsumerPortfolioSegment;FinancingReceivableRecordedInvestmentByClassOfFinancingReceivable=ResidentialRealEstate;InternalCreditAssessment=OneToThreeInternalGrade;,,2531100000.0,
0000073124-26-000016,ForeignCurrencyTransactionGainLossBeforeTax,us-gaap/2025,20231231,4,USD,,,203900000.0,
0000073124-26-000016,GainLossOnInvestments,us-gaap/2025,20241231,4,USD,,,-189300000.0,
0000073124-26-000016,Goodwill,us-gaap/2025,20231231,0,USD,BusinessSegments=WealthManagementSegment;,,80400000.0,
0000073124-26-000016,Goodwill,us-gaap/2025,20251231,0,USD,,,712900000.0,
0000073124-26-000016,Goodwill,us-gaap/2025,20251231,0,USD,BusinessSegments=AssetServicingSegment;,,632500000.0,
0000073124-26-000016,HeldToMaturitySecuritiesFairValue,us-gaap/2025,20241231,0,USD,,,20654500000.0,
0000073124-26-000016,HeldToMaturitySecuritiesFairValue,us-gaap/2025,20241231,0,USD,FinancialInstrument=CoveredBonds;,,1714700000.0,
0000073124-26-000016,HeldToMaturitySecuritiesFairValue,us-gaap/2025,20251231,0,USD,FairValueByFairValueHierarchyLevel=FairValueInputsLevel3;FairValueByMeasurementBasis=EstimateOfFairValueFairValueDisclosure;,,0.0,
0000073124-26-000016,HeldToMaturitySecuritiesFairValue,us-gaap/2025,20251231,0,USD,FairValueByMeasurementBasis=EstimateOfFairValueFairValueDisclosure;,,22381200000.0,
0000073124-26-000016,IncomeLossFromContinuingOperationsBeforeIncomeTaxesExtraordinaryItemsNoncontrollingInterest,us-gaap/2025,20231231,4,USD,ConsolidationItems=CorporateAndReconcilingItems;,,-374600000.0,
0000073124-26-000016,IncomeTaxExpenseBenefit,us-gaap/2025,20251231,4,USD,BusinessSegments=WealthManagementSegment;ConsolidationItems=OperatingSegments;,,317200000.0,
0000073124-26-000016,IncreaseDecreaseInDeposits,us-gaap/2025,20241231,4,USD,,,6330800000.0,
0000073124-26-000016,IncreaseDecreaseInDeposits,us-gaap/2025,20251231,4,USD,,,16809100000.0,
0000073124-26-000016,IncreaseDecreaseInDerivativeAssets,us-gaap/2025,20231231,4,USD,,,72600000.0,
0000073124-26-000016,IncreaseDecreaseInDerivativeAssets,us-gaap/2025,20241231,4,USD,,,3287700000.0,
0000073124-26-000016,IncreaseDecreaseInOtherOperatingCapitalNet,us-gaap/2025,20251231,4,USD,,,-326500000.0,
0000073124-26-000016,InterestBearingDepositsInBanks,us-gaap/2025,20251231,0,USD,,,1729400000.0,
0000073124-26-000016,InterestBearingDepositsInBanks,us-gaap/2025,20251231,0,USD,FairValueByFairValueHierarchyLevel=FairValueInputsLevel3;FairValueByMeasurementBasis=EstimateOfFairValueFairValueDisclosure;,,0.0,
0000073124-26-000016,InterestExpenseOperating,us-gaap/2025,20231231,4,USD,,,5343000000.0,
0000073124-26-000016,InterestIncomeExpenseAfterProvisionForLoanLoss,us-gaap/2025,20231231,4,USD,,,1957500000.0,
0000073124-26-000016,LiabilitiesAndStockholdersEquity,us-gaap/2025,20251231,0,USD,ConsolidatedEntities=ParentCompany;,,18910000000.0,
0000073124-26-000016,MarketableSecurities,us-gaap/2025,20241231,0,USD,,,51298200000.0,
0000073124-26-000016,NetCashProvidedByUsedInInvestingActivities,us-gaap/2025,20231231,4,USD,ConsolidatedEntities=ParentCompany;,,250000000.0,
0000073124-26-000016,NetCashProvidedByUsedInOperatingActivities,us-gaap/2025,20231231,4,USD,,,2625600000.0,
0000073124-26-000016,NetIncomeLoss,us-gaap/2025,20241231,4,USD,ConsolidatedEntities=ParentCompany;,,2031100000.0,
0000073124-26-000016,NetIncomeLoss,us-gaap/2025,20241231,4,USD,Geographical=NonUs;,,307900000.0,
0000073124-26-000016,NetIncomeLoss,us-gaap/2025,20251231,4,USD,Geographical=NonUs;,,439500000.0,
0000073124-26-000016,NoninterestExpense,us-gaap/2025,20241231,4,USD,ConsolidatedEntities=ParentCompany;,,350300000.0,
0000073124-26-000016,NoninterestIncome,us-gaap/2025,20251231,4,USD,,,5675400000.0,
0000073124-26-000016,NoninterestIncomeOtherOperatingIncome,us-gaap/2025,20241231,4,USD,ProductOrService=LoanServicing;,,55000000.0,
0000073124-26-000016,NoninterestIncomeOtherOperatingIncome,us-gaap/2025,20251231,4,USD,ProductOrService=LoanServicing;,,53700000.0,
0000073124-26-000016,OccupancyNet,us-gaap/2025,20251231,4,USD,,,217300000.0,
0000073124-26-000016,OtherAssets,us-gaap/2025,20251231,0,USD,ConsolidatedEntities=ParentCompany;,,1171700000.0,
0000073124-26-000016,OtherComprehensiveIncomeLossCashFlowHedgeGainLossAfterReclassificationAndTaxParent,us-gaap/2025,20241231,4,USD,,,-200000.0,
0000073124-26-000016,OtherComprehensiveIncomeLossNetOfTaxPortionAttributableToParent,us-gaap/2025,20231231,4,USD,EquityComponents=AccumulatedDefinedBenefitPlansAdjustment;,,-51000000.0,
0000073124-26-000016,OtherComprehensiveIncomeLossNetOfTaxPortionAttributableToParent,us-gaap/2025,20231231,4,USD,EquityComponents=AccumulatedGainLossNetCashFlowHedgeParent;,,-400000.0,
0000073124-26-000016,OtherComprehensiveIncomeLossNetOfTaxPortionAttributableToParent,us-gaap/2025,20241231,4,USD,EquityComponents=LongtermIntraentityForeignCurrencyTransactionGainsLosses;,,-700000.0,
0000073124-26-000016,OtherComprehensiveIncomeLossNetOfTaxPortionAttributableToParent,us-gaap/2025,20251231,4,USD,EquityComponents=NetInvestmentHedgeGainLoss;,,-247600000.0,
0000073124-26-000016,OtherComprehensiveIncomeLossPensionAndOtherPostretirementBenefitPlansAdjustmentNetOfTax,us-gaap/2025,20251231,4,USD,,,-10600000.0,
0000073124-26-000016,OtherLiabilities,us-gaap/2025,20241231,0,USD,,,4243800000.0,
0000073124-26-000016,OtherLiabilities,us-gaap/2025,20241231,0,USD,ConsolidatedEntities=ParentCompany;,,504100000.0,
0000073124-26-000016,PaymentsForProceedsFromOtherInvestingActivities,us-gaap/2025,20251231,4,USD,ConsolidatedEntities=ParentCompany;FairValueByAssetClass=SeedCapitalInvestmentsCertainNorthernFunds;,,111700000.0,
0000073124-26-000016,PaymentsForSoftware,us-gaap/2025,20251231,4,USD,,,700200000.0,
0000073124-26-000016,PaymentsOfDividendsPreferredStockAndPreferenceStock,us-gaap/2025,20231231,4,USD,ConsolidatedEntities=ParentCompany;,,41800000.0,
0000073124-26-000016,PaymentsToAcquireAvailableForSaleSecuritiesDebt,us-gaap/2025,20251231,4,USD,,,9428800000.0,
0000073124-26-000016,PreferredStockDividendsIncomeStatementImpact,us-gaap/2025,20231231,4,USD,,,41800000.0,
0000073124-26-000016,PreferredStockDividendsIncomeStatementImpact,us-gaap/2025,20251231,4,USD,ConsolidatedEntities=ParentCompany;,,41800000.0,
0000073124-26-000016,PreferredStockSharesAuthorized,us-gaap/2025,20241231,0,shares,,,10000000.0,
0000073124-26-000016,PreferredStockValue,us-gaap/2025,20241231,0,USD,ConsolidatedEntities=ParentCompany;,,884900000.0,
0000073124-26-000016,PreferredStockValue,us-gaap/2025,20251231,0,USD,ClassOfStock=SeriesDPreferredStock;,,493500000.0,
0000073124-26-000016,ProceedsFromPaymentsForOtherFinancingActivities,us-gaap/2025,20231231,4,USD,,,-2700000.0,
0000073124-26-000016,ProceedsFromSaleOfEquitySecuritiesFvNi,us-gaap/2025,20231231,4,USD,,,0.0,
0000073124-26-000016,ProceedsFromStockOptionsExercised,us-gaap/2025,20251231,4,USD,,,6400000.0,
0000073124-26-000016,ProfessionalFees,us-gaap/2025,20241231,4,USD,,,998000000.0,
0000073124-26-000016,ProfessionalFees,us-gaap/2025,20241231,4,USD,BusinessSegments=AssetServicingSegment;ConsolidationItems=OperatingSegments;,,188200000.0,
0000073124-26-000016,PropertyPlantAndEquipmentNet,us-gaap/2025,20251231,0,USD,PropertyPlantAndEquipmentByType=LeaseholdImprovements;,,188900000.0,
0000073124-26-000016,RepaymentsOfSubordinatedDebt,us-gaap/2025,20241231,4,USD,ConsolidatedEntities=ParentCompany;,,0.0,
0000073124-26-000016,RevenueFromContractWithCustomerExcludingAssessedTax,us-gaap/2025,20231231,4,USD,,,4361800000.0,
0000073124-26-000016,SecuritiesSoldUnderAgreementsToRepurchase,us-gaap/2025,20241231,0,USD,,,462000000.0,
0000073124-26-000016,SecuritiesSoldUnderAgreementsToRepurchase,us-gaap/2025,20251231,0,USD,FairValueByMeasurementBasis=EstimateOfFairValueFairValueDisclosure;,,292200000.0,
0000073124-26-000016,SeniorNotes,us-gaap/2025,20241231,0,USD,FairValueByMeasurementBasis=CarryingReportedAmountFairValueDisclosure;,,2769700000.0,
0000073124-26-000016,SeniorNotes,us-gaap/2025,20251231,0,USD,FairValueByFairValueHierarchyLevel=FairValueInputsLevel2;FairValueByMeasurementBasis=EstimateOfFairValueFairValueDisclosure;,,3405500000.0,
0000073124-26-000016,SeniorNotes,us-gaap/2025,20251231,0,USD,LongtermDebtType=FixedRateCorporateSeniorNotesMay2029;,,483100000.0,
0000073124-26-000016,StockholdersEquity,us-gaap/2025,20231231,0,USD,EquityComponents=AccumulatedGainLossNetCashFlowHedgeParent;,,800000.0,
0000073124-26-000016,StockholdersEquity,us-gaap/2025,20241231,0,USD,EquityComponents=AccumulatedOtherComprehensiveIncome;,,-814000000.0,
0000073124-26-000016,StockholdersEquity,us-gaap/2025,20241231,0,USD,EquityComponents=AccumulatedTranslationAdjustment;,,233100000.0,
0000073124-26-000016,StockholdersEquity,us-gaap/2025,20241231,0,USD,EquityComponents=CommonStock;,,408600000.0,
0000073124-26-000016,StockholdersEquity,us-gaap/2025,20241231,0,USD,EquityComponents=PreferredStock;,,884900000.0,
0000073124-26-000016,StockholdersEquity,us-gaap/2025,20251231,0,USD,EquityComponents=AccumulatedDefinedBenefitPlansAdjustment;,,-439000000.0,
0000073124-26-000016,StockholdersEquity,us-gaap/2025,20251231,0,USD,EquityComponents=AccumulatedNetUnrealizedInvestmentGainLoss;,,-401300000.0,
0000073124-26-000016,StockholdersEquity,us-gaap/2025,20251231,0,USD,EquityComponents=AccumulatedTranslationAdjustment;,,248900000.0,
0000073124-26-000016,StockIssuedDuringPeriodValueShareBasedCompensation,us-gaap/2025,20251231,4,USD,EquityComponents=AdditionalPaidInCapital;,,13700000.0,
0000073124-26-000016,TransferToOtherRealEstate,us-gaap/2025,20231231,4,USD,,,200000.0,
0000073124-26-000016,TransferToOtherRealEstate,us-gaap/2025,20251231,4,USD,,,0.0,
0000073124-26-000016,TreasuryStockValue,us-gaap/2025,20241231,0,USD,ConsolidatedEntities=ParentCompany;,,4331100000.0,
0000073124-26-000016,TreasuryStockValue,us-gaap/2025,20251231,0,USD,,,5493400000.0,
0000073124-26-000016,TreasuryStockValueAcquiredCostMethod,us-gaap/2025,20251231,4,USD,EquityComponents=TreasuryStockCommon;,,1273500000.0,
0000073124-26-000016,WeightedAverageNumberOfDilutedSharesOutstanding,us-gaap/2025,20231231,4,shares,,,207563746.0,
0000073124-26-000016,AccumulatedOtherComprehensiveIncomeLossNetOfTax,us-gaap/2025,20251231,0,USD,,,-590500000.0,
0000073124-26-000016,Assets,us-gaap/2025,20231231,0,USD,Geographical=NonUs;,,51699400000.0,
0000073124-26-000016,Assets,us-gaap/2025,20241231,0,USD,,,155508400000.0,
0000073124-26-000016,CashCashEquivalentsRestrictedCashAndRestrictedCashEquivalentsPeriodIncreaseDecreaseIncludingExchangeRateEffect,us-gaap/2025,20251231,4,USD,ConsolidatedEntities=ParentCompany;,,-62500000.0,
0000073124-26-000016,ChangeInFederalFundsPurchased,0000073124-26-000016,20231231,4,USD,,,-1148600000.0,
0000073124-26-000016,CommonStockDividendsPerShareDeclared,us-gaap/2025,20251231,4,USD,,,3.1,
0000073124-26-000016,CommonStockValue,us-gaap/2025,20241231,0,USD,,,408600000.0,
0000073124-26-000016,CreditLossExpenseReversalAndAvailableForSaleAllowanceForCreditLoss,0000073124-26-000016,20241231,4,USD,,,-3000000.0,
0000073124-26-000016,CreditLossExpenseReversalAndAvailableForSaleAllowanceForCreditLoss,0000073124-26-000016,20251231,4,USD,,,-7500000.0,
0000073124-26-000016,CreditLossExpenseReversalAndAvailableForSaleAllowanceForCreditLoss,0000073124-26-000016,20251231,4,USD,ConsolidationItems=CorporateAndReconcilingItems;,,3200000.0,
0000073124-26-000016,DebtSecuritiesAvailableForSaleAmortizedCostExcludingAccruedInterestAfterAllowanceForCreditLoss,us-gaap/2025,20241231,0,USD,FinancialInstrument=CorporateDebtSecurities;,,166600000.0,
0000073124-26-000016,DebtSecuritiesAvailableForSaleAmortizedCostExcludingAccruedInterestAfterAllowanceForCreditLoss,us-gaap/2025,20241231,0,USD,FinancialInstrument=USTreasuryAndGovernment;,,7388900000.0,
0000073124-26-000016,DebtSecuritiesAvailableForSaleExcludingAccruedInterest,us-gaap/2025,20241231,0,USD,FairValueByFairValueHierarchyLevel=FairValueInputsLevel1;FairValueByMeasurementFrequency=FairValueMeasurementsRecurring;FinancialInstrument=USStatesAndPoliticalSubdivisions;,,0.0,
0000073124-26-000016,DebtSecuritiesAvailableForSaleExcludingAccruedInterest,us-gaap/2025,20241231,0,USD,FairValueByFairValueHierarchyLevel=FairValueInputsLevel2;FairValueByMeasurementFrequency=FairValueMeasurementsRecurring;FinancialInstrument=OtherAssetBackedSecurities;,,2182700000.0,
0000073124-26-000016,DebtSecuritiesAvailableForSaleExcludingAccruedInterest,us-gaap/2025,20241231,0,USD,FairValueByFairValueHierarchyLevel=FairValueInputsLevel3;FairValueByMeasurementFrequency=FairValueMeasurementsRecurring;FinancialInstrument=CommercialMortgageBackedSecurities;,,0.0,
0000073124-26-000016,DebtSecuritiesAvailableForSaleExcludingAccruedInterest,us-gaap/2025,20241231,0,USD,FairValueByFairValueHierarchyLevel=FairValueInputsLevel3;FairValueByMeasurementFrequency=FairValueMeasurementsRecurring;FinancialInstrument=OtherAssetBackedSecurities;,,0.0,
0000073124-26-000016,DebtSecuritiesAvailableForSaleExcludingAccruedInterest,us-gaap/2025,20241231,0,USD,FinancialInstrument=CoveredBonds;,,230900000.0,
0000073124-26-000016,DebtSecuritiesAvailableForSaleExcludingAccruedInterest,us-gaap/2025,20251231,0,USD,,,34036500000.0,
0000073124-26-000016,DebtSecuritiesAvailableForSaleExcludingAccruedInterest,us-gaap/2025,20251231,0,USD,FairValueByFairValueHierarchyLevel=FairValueInputsLevel1;FairValueByMeasurementFrequency=FairValueMeasurementsRecurring;FinancialInstrument=CommercialMortgageBackedSecurities;,,0.0,
0000073124-26-000016,DebtSecuritiesAvailableForSaleExcludingAccruedInterest,us-gaap/2025,20251231,0,USD,FairValueByFairValueHierarchyLevel=FairValueInputsLevel1;FairValueByMeasurementFrequency=FairValueMeasurementsRecurring;FinancialInstrument=CorporateDebtSecurities;,,0.0,
0000073124-26-000016,DebtSecuritiesAvailableForSaleExcludingAccruedInterest,us-gaap/2025,20251231,0,USD,FairValueByFairValueHierarchyLevel=FairValueInputsLevel3;FairValueByMeasurementFrequency=FairValueMeasurementsRecurring;FinancialInstrument=CoveredBonds;,,0.0,
0000073124-26-000016,DebtSecuritiesAvailableForSaleRealizedGainLoss,us-gaap/2025,20231231,4,USD,,,-169500000.0,
0000073124-26-000016,DebtSecuritiesHeldToMaturityExcludingAccruedInterestAfterAllowanceForCreditLoss,us-gaap/2025,20241231,0,USD,,,22296700000.0,
0000073124-26-000016,DebtSecuritiesHeldToMaturityExcludingAccruedInterestAfterAllowanceForCreditLoss,us-gaap/2025,20241231,0,USD,FinancialInstrument=USGovernmentAgenciesDebtSecurities;,,8635000000.0,
0000073124-26-000016,DebtSecuritiesHeldToMaturityExcludingAccruedInterestAfterAllowanceForCreditLoss,us-gaap/2025,20251231,0,USD,FinancialInstrument=CorporateDebtSecurities;,,389000000.0,
0000073124-26-000016,DebtSecuritiesHeldToMaturityExcludingAccruedInterestAfterAllowanceForCreditLoss,us-gaap/2025,20251231,0,USD,FinancialInstrument=USGovernmentAgenciesDebtSecurities;,,8424500000.0,
0000073124-26-000016,DebtSecuritiesHeldToMaturityExcludingAccruedInterestAfterAllowanceForCreditLoss,us-gaap/2025,20251231,0,USD,FinancialInstrument=USStatesAndPoliticalSubdivisions;,,2457800000.0,
0000073124-26-000016,DefinedBenefitPlanBenefitObligationIncreaseDecreaseForAmortizationPeriodAdjustment,0000073124-26-000016,20231231,4,USD,BusinessSegments=AssetServicingSegment;ConsolidationItems=OperatingSegments;,,66200000.0,
0000073124-26-000016,DefinedBenefitPlanBenefitObligationIncreaseDecreaseForAmortizationPeriodAdjustment,0000073124-26-000016,20241231,4,USD,,,417800000.0,
0000073124-26-000016,DefinedBenefitPlanBenefitObligationIncreaseDecreaseForAmortizationPeriodAdjustment,0000073124-26-000016,20251231,4,USD,BusinessSegments=AssetServicingSegment;ConsolidationItems=OperatingSegments;,,66900000.0,
0000073124-26-000016,DepreciationAmortizationAndAccretionNet,us-gaap/2025,20231231,4,USD,,,634600000.0,
0000073124-26-000016,DepreciationAmortizationAndAccretionNet,us-gaap/2025,20251231,4,USD,,,779100000.0,
0000073124-26-000016,DividendsPreferredStock,us-gaap/2025,20251231,4,USD,EquityComponents=RetainedEarnings;,,41800000.0,
0000073124-26-000016,EarningsPerShareBasic,us-gaap/2025,20251231,4,USD,,,8.78,
0000073124-26-000016,EarningsPerShareDiluted,us-gaap/2025,20241231,4,USD,,,9.77,
0000073124-26-000016,EffectOfExchangeRateOnCashCashEquivalentsRestrictedCashAndRestrictedCashEquivalents,us-gaap/2025,20241231,4,USD,,,-504300000.0,
0000073124-26-000016,FederalFundsSoldAndSecuritiesPurchasedUnderAgreementsToResell,us-gaap/2025,20241231,0,USD,,,451000000.0,
0000073124-26-000016,FederalFundsSoldAndSecuritiesPurchasedUnderAgreementsToResell,us-gaap/2025,20251231,0,USD,FairValueByMeasurementBasis=CarryingReportedAmountFairValueDisclosure;,,2654100000.0,
0000073124-26-000016,FederalReserveAndForeignCentralBankDeposits,0000073124-26-000016,20251231,0,USD,FairValueByFairValueHierarchyLevel=FairValueInputsLevel1;FairValueByMeasurementBasis=EstimateOfFairValueFairValueDisclosure;,,0.0,
0000073124-26-000016,FederalReserveAndForeignCentralBankDeposits,0000073124-26-000016,20251231,0,USD,FairValueByMeasurementBasis=EstimateOfFairValueFairValueDisclosure;,,53524900000.0,
0000073124-26-000016,FinancingReceivableDeferredIncome,us-gaap/2025,20251231,0,USD,,,5300000.0,
0000073124-26-000016,FinancingReceivableExcludingAccruedInterestBeforeAllowanceForCreditLoss,us-gaap/2025,20241231,0,USD,FinancingReceivablePortfolioSegment=CommercialPortfolioSegment;FinancingReceivableRecordedInvestmentByClassOfFinancingReceivable=CommercialAndInstitutionalLoans;InternalCreditAssessment=FourToFiveInternalGrade;,,3906800000.0,
0000073124-26-000016,FinancingReceivableExcludingAccruedInterestBeforeAllowanceForCreditLoss,us-gaap/2025,20241231,0,USD,FinancingReceivablePortfolioSegment=ConsumerPortfolioSegment;FinancingReceivableRecordedInvestmentByClassOfFinancingReceivable=ForeignConsumerLoans;InternalCreditAssessment=OneToThreeInternalGrade;,,379900000.0,
0000073124-26-000016,FinancingReceivableExcludingAccruedInterestBeforeAllowanceForCreditLoss,us-gaap/2025,20241231,0,USD,FinancingReceivablePortfolioSegment=ConsumerPortfolioSegment;FinancingReceivableRecordedInvestmentByClassOfFinancingReceivable=ResidentialRealEstate;Geographical=FL;,,1636500000.0,
0000073124-26-000016,FinancingReceivableExcludingAccruedInterestBeforeAllowanceForCreditLoss,us-gaap/2025,20251231,0,USD,FinancingReceivablePortfolioSegment=CommercialPortfolioSegment;FinancingReceivableRecordedInvestmentByClassOfFinancingReceivable=CommercialAndInstitutionalLoans;InternalCreditAssessment=SixToNineInternalGrade;,,284700000.0,
0000073124-26-000016,FinancingReceivableExcludingAccruedInterestBeforeAllowanceForCreditLoss,us-gaap/2025,20251231,0,USD,FinancingReceivablePortfolioSegment=ConsumerPortfolioSegment;FinancingReceivableRecordedInvestmentByClassOfFinancingReceivable=PrivateClient;InternalCreditAssessment=OneToThreeInternalGrade;,,6174000000.0,
0000073124-26-000016,ForeignCurrencyTransactionGainLossBeforeTax,us-gaap/2025,20231231,4,USD,ConsolidationItems=CorporateAndReconcilingItems;,,0.0,
0000073124-26-000016,ForeignCurrencyTransactionGainLossBeforeTax,us-gaap/2025,20241231,4,USD,BusinessSegments=AssetServicingSegment;ConsolidationItems=OperatingSegments;,,247200000.0,
0000073124-26-000016,ForeignCurrencyTransactionGainLossBeforeTax,us-gaap/2025,20241231,4,USD,ConsolidationItems=CorporateAndReconcilingItems;,,0.0,
0000073124-26-000016,ForeignCurrencyTransactionGainLossBeforeTax,us-gaap/2025,20251231,4,USD,BusinessSegments=WealthManagementSegment;ConsolidationItems=OperatingSegments;,,-27200000.0,
0000073124-26-000016,Goodwill,us-gaap/2025,20241231,0,USD,BusinessSegments=WealthManagementSegment;,,80300000.0,
0000073124-26-000016,HeldToMaturitySecuritiesFairValue,us-gaap/2025,20241231,0,USD,FinancialInstrument=USGovernmentAgenciesDebtSecurities;,,7554600000.0,
0000073124-26-000016,IncomeLossFromContinuingOperationsBeforeIncomeTaxesExtraordinaryItemsNoncontrollingInterest,us-gaap/2025,20231231,4,USD,Geographical=US;,,991000000.0,
0000073124-26-000016,IncomeTaxExpenseBenefit,us-gaap/2025,20231231,4,USD,,,357500000.0,
0000073124-26-000016,IncomeTaxExpenseBenefit,us-gaap/2025,20241231,4,USD,BusinessSegments=WealthManagementSegment;ConsolidationItems=OperatingSegments;,,304900000.0,
0000073124-26-000016,IncomeTaxExpenseBenefit,us-gaap/2025,20241231,4,USD,ConsolidatedEntities=ParentCompany;,,4100000.0,
0000073124-26-000016,IncomeTaxExpenseBenefit,us-gaap/2025,20251231,4,USD,BusinessSegments=AssetServicingSegment;ConsolidationItems=OperatingSegments;,,244500000.0,
0000073124-26-000016,IncreaseDecreaseInAccruedIncomeTaxesPayable,us-gaap/2025,20231231,4,USD,,,-44400000.0,
0000073124-26-000016,IncreaseDecreaseInAccruedIncomeTaxesPayable,us-gaap/2025,20241231,4,USD,ConsolidatedEntities=ParentCompany;,,-92900000.0,
0000073124-26-000016,InterestAndDividendIncomeOperating,us-gaap/2025,20231231,4,USD,,,7325000000.0,
0000073124-26-000016,InterestIncomeExpenseNet,us-gaap/2025,20251231,4,USD,BusinessSegments=AssetServicingSegment;ConsolidationItems=OperatingSegments;,,1398300000.0,
0000073124-26-000016,LiabilitiesAndStockholdersEquity,us-gaap/2025,20241231,0,USD,ConsolidatedEntities=ParentCompany;,,18143500000.0,
0000073124-26-000016,NetCashProvidedByUsedInFinancingActivities,us-gaap/2025,20231231,4,USD,,,-7182600000.0,
0000073124-26-000016,NetCashProvidedByUsedInFinancingActivities,us-gaap/2025,20231231,4,USD,ConsolidatedEntities=ParentCompany;,,-1008500000.0,
0000073124-26-000016,NetCashProvidedByUsedInOperatingActivities,us-gaap/2025,20241231,4,USD,,,-486000000.0,
0000073124-26-000016,NetCashProvidedByUsedInOperatingActivities,us-gaap/2025,20241231,4,USD,ConsolidatedEntities=ParentCompany;,,3160000000.0,
0000073124-26-000016,NetIncomeLoss,us-gaap/2025,20231231,4,USD,Geographical=NonUs;,,374600000.0,
0000073124-26-000016,NetIncomeLoss,us-gaap/2025,20241231,4,USD,BusinessSegments=AssetServicingSegment;ConsolidationItems=OperatingSegments;,,685000000.0,
0000073124-26-000016,NoninterestExpense,us-gaap/2025,20241231,4,USD,,,5633900000.0,
0000073124-26-000016,NoninterestExpense,us-gaap/2025,20251231,4,USD,ConsolidatedEntities=ParentCompany;,,305900000.0,
0000073124-26-000016,NoninterestExpense,us-gaap/2025,20251231,4,USD,ConsolidationItems=CorporateAndReconcilingItems;,,27300000.0,
0000073124-26-000016,NoninterestIncome,us-gaap/2025,20231231,4,USD,ConsolidationItems=CorporateAndReconcilingItems;,,-188400000.0,
0000073124-26-000016,NoninterestIncomeOtherOperatingIncome,us-gaap/2025,20231231,4,USD,ProductOrService=BankServicing;,,53000000.0,
0000073124-26-000016,NoninterestIncomeOtherOperatingIncome,us-gaap/2025,20241231,4,USD,ProductOrService=FinancialServiceOther;,,968300000.0,
0000073124-26-000016,OccupancyNet,us-gaap/2025,20241231,4,USD,,,216800000.0,
0000073124-26-000016,OtherAssets,us-gaap/2025,20241231,0,USD,,,13961600000.0,
0000073124-26-000016,OtherBorrowings,us-gaap/2025,20241231,0,USD,FairValueByFairValueHierarchyLevel=FairValueInputsLevel3;FairValueByMeasurementBasis=EstimateOfFairValueFairValueDisclosure;,,0.0,
0000073124-26-000016,OtherComprehensiveIncomeLossCashFlowHedgeGainLossAfterReclassificationAndTaxParent,us-gaap/2025,20231231,4,USD,,,-400000.0,
0000073124-26-000016,OtherComprehensiveIncomeLossCashFlowHedgeGainLossAfterReclassificationAndTaxParent,us-gaap/2025,20251231,4,USD,,,300000.0,
0000073124-26-000016,OtherComprehensiveIncomeLossForeignCurrencyTransactionAndTranslationAdjustmentNetOfTax,us-gaap/2025,20231231,4,USD,,,39000000.0,
0000073124-26-000016,OtherComprehensiveIncomeLossNetOfTaxPortionAttributableToParent,us-gaap/2025,20231231,4,USD,EquityComponents=AccumulatedTranslationAdjustment;,,39000000.0,
0000073124-26-000016,OtherComprehensiveIncomeLossNetOfTaxPortionAttributableToParent,us-gaap/2025,20241231,4,USD,EquityComponents=AccumulatedForeignCurrencyAdjustmentAttributabletoParentOther;,,-143600000.0,
0000073124-26-000016,OtherComprehensiveIncomeLossNetOfTaxPortionAttributableToParent,us-gaap/2025,20241231,4,USD,EquityComponents=AccumulatedTranslationAdjustment;,,29500000.0,
0000073124-26-000016,OtherComprehensiveIncomeLossNetOfTaxPortionAttributableToParent,us-gaap/2025,20251231,4,USD,EquityComponents=AccumulatedForeignCurrencyAdjustmentAttributabletoParentOther;,,262400000.0,
0000073124-26-000016,OtherComprehensiveIncomeLossPensionAndOtherPostretirementBenefitPlansAdjustmentNetOfTax,us-gaap/2025,20231231,4,USD,,,51000000.0,
0000073124-26-000016,OtherNoninterestExpense,us-gaap/2025,20231231,4,USD,,,472900000.0,
0000073124-26-000016,OtherNoninterestExpense,us-gaap/2025,20231231,4,USD,ConsolidatedEntities=ParentCompany;,,32300000.0,
0000073124-26-000016,OtherNoninterestExpense,us-gaap/2025,20241231,4,USD,ConsolidatedEntities=ParentCompany;,,47500000.0,
0000073124-26-000016,PaymentsForProceedsFromLoansReceivable,us-gaap/2025,20231231,4,USD,,,4702100000.0,
0000073124-26-000016,PaymentsForRepurchaseOfCommonStock,us-gaap/2025,20231231,4,USD,ConsolidatedEntities=ParentCompany;,,347500000.0,
0000073124-26-000016,PaymentsOfDividendsCommonStock,us-gaap/2025,20231231,4,USD,ConsolidatedEntities=ParentCompany;,,621500000.0,
0000073124-26-000016,PaymentsOfDividendsPreferredStockAndPreferenceStock,us-gaap/2025,20231231,4,USD,,,41800000.0,
0000073124-26-000016,PaymentsOfDividendsPreferredStockAndPreferenceStock,us-gaap/2025,20241231,4,USD,,,41800000.0,
0000073124-26-000016,PaymentsToAcquireAvailableForSaleSecuritiesDebt,us-gaap/2025,20241231,4,USD,,,13010000000.0,
0000073124-26-000016,PaymentsToAcquireHeldToMaturitySecurities,us-gaap/2025,20241231,4,USD,,,26524600000.0,
0000073124-26-000016,PreferredStockDividendsIncomeStatementImpact,us-gaap/2025,20251231,4,USD,,,41800000.0,
0000073124-26-000016,PreferredStockValue,us-gaap/2025,20251231,0,USD,ConsolidatedEntities=ParentCompany;,,884900000.0,
0000073124-26-000016,ProceedsFromIssuanceOfSeniorLongTermDebt,us-gaap/2025,20231231,4,USD,,,0.0,
0000073124-26-000016,ProceedsFromIssuanceOfSeniorLongTermDebt,us-gaap/2025,20241231,4,USD,,,0.0,
0000073124-26-000016,ProceedsFromMaturitiesPrepaymentsAndCallsOfHeldToMaturitySecurities,us-gaap/2025,20251231,4,USD,,,32803600000.0,
0000073124-26-000016,ProceedsFromPaymentsForOtherFinancingActivities,us-gaap/2025,20231231,4,USD,ConsolidatedEntities=ParentCompany;,,0.0,
0000073124-26-000016,ProceedsFromPaymentsForOtherFinancingActivities,us-gaap/2025,20241231,4,USD,,,-6400000.0,
0000073124-26-000016,ProceedsFromPaymentsForOtherFinancingActivities,us-gaap/2025,20241231,4,USD,ConsolidatedEntities=ParentCompany;,,0.0,
0000073124-26-000016,ProceedsFromPaymentsForSecuritiesPurchasedUnderAgreementsToResell,us-gaap/2025,20241231,4,USD,,,276600000.0,
0000073124-26-000016,ProceedsFromSaleOfEquitySecuritiesFvNi,us-gaap/2025,20241231,4,USD,,,800600000.0,
0000073124-26-000016,ProceedsFromStockOptionsExercised,us-gaap/2025,20251231,4,USD,ConsolidatedEntities=ParentCompany;,,6400000.0,
0000073124-26-000016,ProfessionalFees,us-gaap/2025,20241231,4,USD,BusinessSegments=WealthManagementSegment;ConsolidationItems=OperatingSegments;,,46400000.0,
0000073124-26-000016,RepaymentsOfSubordinatedDebt,us-gaap/2025,20241231,4,USD,,,0.0,
0000073124-26-000016,RevenueFromContractWithCustomerExcludingAssessedTax,us-gaap/2025,20241231,4,USD,ProductOrService=CustodyandFundAdministration;,,1915200000.0,
0000073124-26-000016,SalariesWagesAndIncentives,0000073124-26-000016,20231231,4,USD,ConsolidationItems=CorporateAndReconcilingItems;,,1409500000.0,
0000073124-26-000016,SalariesWagesAndIncentives,0000073124-26-000016,20251231,4,USD,,,2571300000.0,
0000073124-26-000016,SalariesWagesAndIncentives,0000073124-26-000016,20251231,4,USD,BusinessSegments=AssetServicingSegment;ConsolidationItems=OperatingSegments;,,328500000.0,
0000073124-26-000016,SecuritiesSoldUnderAgreementsToRepurchase,us-gaap/2025,20251231,0,USD,FairValueByFairValueHierarchyLevel=FairValueInputsLevel2;FairValueByMeasurementBasis=EstimateOfFairValueFairValueDisclosure;,,292200000.0,
0000073124-26-000016,SecuritiesSoldUnderAgreementsToRepurchase,us-gaap/2025,20251231,0,USD,FairValueByMeasurementBasis=CarryingReportedAmountFairValueDisclosure;,,292200000.0,
0000073124-26-000016,SeniorNotes,us-gaap/2025,20251231,0,USD,LongtermDebtType=FixedRateCorporateSeniorNotesDueNovember2030;,,496100000.0,
0000073124-26-000016,ShareRepurchaseProgramExciseTax,us-gaap/2025,20251231,4,USD,,,10900000.0,
0000073124-26-000016,StockholdersEquity,us-gaap/2025,20221231,0,USD,,,11259500000.0,
0000073124-26-000016,StockholdersEquity,us-gaap/2025,20231231,0,USD,EquityComponents=AccumulatedDefinedBenefitPlansAdjustment;,,-418400000.0,
0000073124-26-000016,StockholdersEquity,us-gaap/2025,20231231,0,USD,EquityComponents=RetainedEarnings;,,14233800000.0,
0000073124-26-000016,StockholdersEquity,us-gaap/2025,20241231,0,USD,EquityComponents=AccumulatedGainLossNetCashFlowHedgeParent;,,600000.0,
0000073124-26-000016,StockholdersEquity,us-gaap/2025,20241231,0,USD,EquityComponents=AdditionalPaidInCapital;,,1025300000.0,
0000073124-26-000016,StockholdersEquity,us-gaap/2025,20241231,0,USD,EquityComponents=TreasuryStockCommon;,,-4331100000.0,
0000073124-26-000016,StockholdersEquity,us-gaap/2025,20251231,0,USD,EquityComponents=RetainedEarnings;,,16709300000.0,
0000073124-26-000016,StockIssuedDuringPeriodValueShareBasedCompensation,us-gaap/2025,20251231,4,USD,EquityComponents=TreasuryStockCommon;,,122100000.0,
0000073124-26-000016,TreasuryManagementFees,0000073124-26-000016,20231231,4,USD,,,31600000.0,
0000073124-26-000016,TreasuryStockCommonShares,us-gaap/2025,20251231,0,shares,,,58833936.0,
0000073124-26-000016,TreasuryStockValue,us-gaap/2025,20251231,0,USD,ConsolidatedEntities=ParentCompany;,,5493400000.0,
0000073124-26-000016,AllowanceForCreditLossExcludingOffBalanceSheetCreditLossLiability,0000073124-26-000016,20251231,0,USD,,,175000000.0,
0000073124-26-000016,Assets,us-gaap/2025,20231231,0,USD,,,150783100000.0,
0000073124-26-000016,Assets,us-gaap/2025,20251231,0,USD,,,177132700000.0,
0000073124-26-000016,CashAndDueFromBanks,us-gaap/2025,20241231,0,USD,ConsolidatedEntities=ParentCompany;,,2383100000.0,
0000073124-26-000016,CashAndDueFromBanks,us-gaap/2025,20251231,0,USD,FairValueByFairValueHierarchyLevel=FairValueInputsLevel1;FairValueByMeasurementBasis=EstimateOfFairValueFairValueDisclosure;,,5873100000.0,
0000073124-26-000016,CashCashEquivalentsRestrictedCashAndRestrictedCashEquivalents,us-gaap/2025,20241231,0,USD,,,4677200000.0,
0000073124-26-000016,CommonStockSharesOutstanding,us-gaap/2025,20241231,0,shares,,,195969746.0,
0000073124-26-000016,ComprehensiveIncomeNetOfTax,us-gaap/2025,20241231,4,USD,,,2355000000.0,
0000073124-26-000016,ComprehensiveIncomeNetOfTax,us-gaap/2025,20251231,4,USD,,,1960400000.0,
0000073124-26-000016,CreditLossExpenseReversalAndAvailableForSaleAllowanceForCreditLoss,0000073124-26-000016,20251231,4,USD,BusinessSegments=AssetServicingSegment;ConsolidationItems=OperatingSegments;,,-3200000.0,
0000073124-26-000016,DebtSecuritiesAvailableForSaleAmortizedCostExcludingAccruedInterestAfterAllowanceForCreditLoss,us-gaap/2025,20241231,0,USD,FinancialInstrument=ForeignGovernmentDebtSecurities;,,308900000.0,
0000073124-26-000016,DebtSecuritiesAvailableForSaleAmortizedCostExcludingAccruedInterestAfterAllowanceForCreditLoss,us-gaap/2025,20241231,0,USD,FinancialInstrument=SubSovereignSupranationalAndNonUsAgencyBonds;,,4617000000.0,
0000073124-26-000016,DebtSecuritiesAvailableForSaleAmortizedCostExcludingAccruedInterestAfterAllowanceForCreditLoss,us-gaap/2025,20241231,0,USD,FinancialInstrument=USGovernmentAgenciesDebtSecurities;,,13410500000.0,
0000073124-26-000016,DebtSecuritiesAvailableForSaleAmortizedCostExcludingAccruedInterestAfterAllowanceForCreditLoss,us-gaap/2025,20251231,0,USD,FinancialInstrument=ForeignGovernmentDebtSecurities;,,534100000.0,
0000073124-26-000016,DebtSecuritiesAvailableForSaleExcludingAccruedInterest,us-gaap/2025,20241231,0,USD,,,29001500000.0,
0000073124-26-000016,DebtSecuritiesAvailableForSaleExcludingAccruedInterest,us-gaap/2025,20241231,0,USD,FairValueByFairValueHierarchyLevel=FairValueInputsLevel1;FairValueByMeasurementFrequency=FairValueMeasurementsRecurring;FinancialInstrument=CoveredBonds;,,0.0,
0000073124-26-000016,DebtSecuritiesAvailableForSaleExcludingAccruedInterest,us-gaap/2025,20241231,0,USD,FairValueByFairValueHierarchyLevel=FairValueInputsLevel2;FairValueByMeasurementFrequency=FairValueMeasurementsRecurring;FinancialInstrument=SubSovereignSupranationalAndNonUsAgencyBonds;,,4583100000.0,
0000073124-26-000016,DebtSecuritiesAvailableForSaleExcludingAccruedInterest,us-gaap/2025,20241231,0,USD,FairValueByFairValueHierarchyLevel=FairValueInputsLevel2;FairValueByMeasurementFrequency=FairValueMeasurementsRecurring;FinancialInstrument=USStatesAndPoliticalSubdivisions;,,297600000.0,
0000073124-26-000016,DebtSecuritiesAvailableForSaleExcludingAccruedInterest,us-gaap/2025,20241231,0,USD,FairValueByMeasurementFrequency=FairValueMeasurementsRecurring;FinancialInstrument=CorporateDebtSecurities;,,163800000.0,
0000073124-26-000016,DebtSecuritiesAvailableForSaleExcludingAccruedInterest,us-gaap/2025,20241231,0,USD,FairValueByMeasurementFrequency=FairValueMeasurementsRecurring;FinancialInstrument=CoveredBonds;,,230900000.0,
0000073124-26-000016,DebtSecuritiesAvailableForSaleExcludingAccruedInterest,us-gaap/2025,20241231,0,USD,FairValueByMeasurementFrequency=FairValueMeasurementsRecurring;FinancialInstrument=USStatesAndPoliticalSubdivisions;,,297600000.0,
0000073124-26-000016,DebtSecuritiesAvailableForSaleExcludingAccruedInterest,us-gaap/2025,20241231,0,USD,FinancialInstrument=OtherAssetBackedSecurities;,,2182700000.0,
0000073124-26-000016,DebtSecuritiesAvailableForSaleExcludingAccruedInterest,us-gaap/2025,20251231,0,USD,FairValueByFairValueHierarchyLevel=FairValueInputsLevel1;FairValueByMeasurementFrequency=FairValueMeasurementsRecurring;FinancialInstrument=ForeignGovernmentDebtSecurities;,,0.0,
0000073124-26-000016,DebtSecuritiesAvailableForSaleExcludingAccruedInterest,us-gaap/2025,20251231,0,USD,FairValueByFairValueHierarchyLevel=FairValueInputsLevel2;FairValueByMeasurementFrequency=FairValueMeasurementsRecurring;FinancialInstrument=ForeignGovernmentDebtSecurities;,,527200000.0,
0000073124-26-000016,DebtSecuritiesAvailableForSaleExcludingAccruedInterest,us-gaap/2025,20251231,0,USD,FairValueByFairValueHierarchyLevel=FairValueInputsLevel2;FairValueByMeasurementFrequency=FairValueMeasurementsRecurring;FinancialInstrument=OtherAssetBackedSecurities;,,2725100000.0,
0000073124-26-000016,DebtSecuritiesAvailableForSaleExcludingAccruedInterest,us-gaap/2025,20251231,0,USD,FinancialInstrument=ForeignGovernmentDebtSecurities;,,527200000.0,
0000073124-26-000016,DebtSecuritiesAvailableForSaleExcludingAccruedInterest,us-gaap/2025,20251231,0,USD,FinancialInstrument=USGovernmentAgenciesDebtSecurities;,,16567500000.0,
0000073124-26-000016,DebtSecuritiesAvailableForSaleRealizedGainLoss,us-gaap/2025,20251231,4,USD,,,0.0,
0000073124-26-000016,DebtSecuritiesHeldToMaturityExcludingAccruedInterestAfterAllowanceForCreditLoss,us-gaap/2025,20241231,0,USD,FinancialInstrument=ForeignGovernmentDebtSecurities;,,3735800000.0,
0000073124-26-000016,DebtSecuritiesHeldToMaturityExcludingAccruedInterestAfterAllowanceForCreditLoss,us-gaap/2025,20241231,0,USD,FinancialInstrument=OtherAssetBackedSecurities;,,107100000.0,
0000073124-26-000016,DebtSecuritiesHeldToMaturityExcludingAccruedInterestAfterAllowanceForCreditLoss,us-gaap/2025,20251231,0,USD,FinancialInstrument=CertificatesOfDeposit;,,444500000.0,
0000073124-26-000016,DebtSecuritiesHeldToMaturityExcludingAccruedInterestAfterAllowanceForCreditLoss,us-gaap/2025,20251231,0,USD,FinancialInstrument=CoveredBonds;,,1754500000.0,
0000073124-26-000016,DefinedBenefitPlanBenefitObligationIncreaseDecreaseForAmortizationPeriodAdjustment,0000073124-26-000016,20231231,4,USD,ConsolidationItems=CorporateAndReconcilingItems;,,256000000.0,
0000073124-26-000016,DefinedBenefitPlanBenefitObligationIncreaseDecreaseForAmortizationPeriodAdjustment,0000073124-26-000016,20241231,4,USD,ConsolidationItems=CorporateAndReconcilingItems;,,260400000.0,
0000073124-26-000016,Deposits,us-gaap/2025,20251231,0,USD,FairValueByFairValueHierarchyLevel=FairValueInputsLevel2;FairValueByMeasurementBasis=EstimateOfFairValueFairValueDisclosure;,,142348600000.0,
0000073124-26-000016,Deposits,us-gaap/2025,20251231,0,USD,FairValueByFairValueHierarchyLevel=FairValueInputsLevel3;FairValueByMeasurementBasis=EstimateOfFairValueFairValueDisclosure;,,0.0,
0000073124-26-000016,Deposits,us-gaap/2025,20251231,0,USD,FairValueByMeasurementBasis=CarryingReportedAmountFairValueDisclosure;,,142797700000.0,
0000073124-26-000016,FederalFundsPurchased,us-gaap/2025,20241231,0,USD,FairValueByFairValueHierarchyLevel=FairValueInputsLevel1;FairValueByMeasurementBasis=EstimateOfFairValueFairValueDisclosure;,,0.0,
0000073124-26-000016,FederalFundsPurchased,us-gaap/2025,20241231,0,USD,FairValueByMeasurementBasis=EstimateOfFairValueFairValueDisclosure;,,2159500000.0,
0000073124-26-000016,FederalFundsPurchased,us-gaap/2025,20251231,0,USD,FairValueByFairValueHierarchyLevel=FairValueInputsLevel2;FairValueByMeasurementBasis=EstimateOfFairValueFairValueDisclosure;,,2141100000.0,
0000073124-26-000016,FederalFundsSoldAndSecuritiesPurchasedUnderAgreementsToResell,us-gaap/2025,20241231,0,USD,FairValueByMeasurementBasis=CarryingReportedAmountFairValueDisclosure;,,451000000.0,
0000073124-26-000016,FederalFundsSoldAndSecuritiesPurchasedUnderAgreementsToResell,us-gaap/2025,20251231,0,USD,FairValueByMeasurementBasis=EstimateOfFairValueFairValueDisclosure;,,2654100000.0,
0000073124-26-000016,FederalReserveAndForeignCentralBankDeposits,0000073124-26-000016,20251231,0,USD,FairValueByFairValueHierarchyLevel=FairValueInputsLevel3;FairValueByMeasurementBasis=EstimateOfFairValueFairValueDisclosure;,,0.0,
0000073124-26-000016,FinancingReceivableExcludingAccruedInterestBeforeAllowanceForCreditLoss,us-gaap/2025,20241231,0,USD,,,43390600000.0,
0000073124-26-000016,FinancingReceivableExcludingAccruedInterestBeforeAllowanceForCreditLoss,us-gaap/2025,20241231,0,USD,FinancingReceivablePortfolioSegment=CommercialPortfolioSegment;FinancingReceivableRecordedInvestmentByClassOfFinancingReceivable=CommercialAndInstitutionalLoans;InternalCreditAssessment=SixToNineInternalGrade;,,345200000.0,
0000073124-26-000016,FinancingReceivableExcludingAccruedInterestBeforeAllowanceForCreditLoss,us-gaap/2025,20241231,0,USD,FinancingReceivablePortfolioSegment=CommercialPortfolioSegment;FinancingReceivableRecordedInvestmentByClassOfFinancingReceivable=CommercialRealEstate;,,5314200000.0,
0000073124-26-000016,FinancingReceivableExcludingAccruedInterestBeforeAllowanceForCreditLoss,us-gaap/2025,20241231,0,USD,FinancingReceivablePortfolioSegment=CommercialPortfolioSegment;FinancingReceivableRecordedInvestmentByClassOfFinancingReceivable=CommercialRealEstateMortgage;,,4746300000.0,
0000073124-26-000016,FinancingReceivableExcludingAccruedInterestBeforeAllowanceForCreditLoss,us-gaap/2025,20241231,0,USD,FinancingReceivablePortfolioSegment=CommercialPortfolioSegment;FinancingReceivableRecordedInvestmentByClassOfFinancingReceivable=OtherCommercialLoan;InternalCreditAssessment=FourToFiveInternalGrade;,,1171200000.0,
0000073124-26-000016,FinancingReceivableExcludingAccruedInterestBeforeAllowanceForCreditLoss,us-gaap/2025,20241231,0,USD,FinancingReceivablePortfolioSegment=ConsumerPortfolioSegment;FinancingReceivableRecordedInvestmentByClassOfFinancingReceivable=ForeignConsumerLoans;InternalCreditAssessment=FourToFiveInternalGrade;,,286900000.0,
0000073124-26-000016,FinancingReceivableExcludingAccruedInterestBeforeAllowanceForCreditLoss,us-gaap/2025,20241231,0,USD,FinancingReceivablePortfolioSegment=ConsumerPortfolioSegment;FinancingReceivableRecordedInvestmentByClassOfFinancingReceivable=ForeignConsumerLoans;InternalCreditAssessment=SixToNineInternalGrade;,,7900000.0,
0000073124-26-000016,FinancingReceivableExcludingAccruedInterestBeforeAllowanceForCreditLoss,us-gaap/2025,20241231,0,USD,FinancingReceivablePortfolioSegment=ConsumerPortfolioSegment;FinancingReceivableRecordedInvestmentByClassOfFinancingReceivable=HomeEquityLoan;,,250300000.0,
0000073124-26-000016,FinancingReceivableExcludingAccruedInterestBeforeAllowanceForCreditLoss,us-gaap/2025,20251231,0,USD,FinancingReceivablePortfolioSegment=CommercialPortfolioSegment;FinancingReceivableRecordedInvestmentByClassOfFinancingReceivable=CommercialRealEstateMortgageOther;,,622500000.0,
0000073124-26-000016,FinancingReceivableExcludingAccruedInterestBeforeAllowanceForCreditLoss,us-gaap/2025,20251231,0,USD,FinancingReceivablePortfolioSegment=CommercialPortfolioSegment;FinancingReceivableRecordedInvestmentByClassOfFinancingReceivable=PrivateEquityCapitalCallFinanceLoans;,,4100000000.0,
0000073124-26-000016,FinancingReceivableExcludingAccruedInterestBeforeAllowanceForCreditLoss,us-gaap/2025,20251231,0,USD,FinancingReceivablePortfolioSegment=ConsumerPortfolioSegment;FinancingReceivableRecordedInvestmentByClassOfFinancingReceivable=ResidentialRealEstate;,,6077300000.0,
0000073124-26-000016,FinancingReceivableExcludingAccruedInterestBeforeAllowanceForCreditLoss,us-gaap/2025,20251231,0,USD,FinancingReceivablePortfolioSegment=ConsumerPortfolioSegment;FinancingReceivableRecordedInvestmentByClassOfFinancingReceivable=ResidentialRealEstate;Geographical=TX;,,301400000.0,
0000073124-26-000016,ForeignCurrencyTransactionGainLossBeforeTax,us-gaap/2025,20231231,4,USD,BusinessSegments=AssetServicingSegment;ConsolidationItems=OperatingSegments;,,213000000.0,
0000073124-26-000016,ForeignCurrencyTransactionGainLossBeforeTax,us-gaap/2025,20241231,4,USD,BusinessSegments=WealthManagementSegment;ConsolidationItems=OperatingSegments;,,-16000000.0,
0000073124-26-000016,Goodwill,us-gaap/2025,20231231,0,USD,,,702300000.0,
0000073124-26-000016,HeldToMaturitySecuritiesFairValue,us-gaap/2025,20241231,0,USD,FairValueByFairValueHierarchyLevel=FairValueInputsLevel3;FairValueByMeasurementBasis=EstimateOfFairValueFairValueDisclosure;,,0.0,
0000073124-26-000016,HeldToMaturitySecuritiesFairValue,us-gaap/2025,20251231,0,USD,FairValueByFairValueHierarchyLevel=FairValueInputsLevel2;FairValueByMeasurementBasis=EstimateOfFairValueFairValueDisclosure;,,22381200000.0,
0000073124-26-000016,IncomeTaxesPaidNet,us-gaap/2025,20231231,4,USD,,,362500000.0,"See Note 20, Income Taxes for additional information."
0000073124-26-000016,IncomeTaxExpenseBenefit,us-gaap/2025,20231231,4,USD,ConsolidatedEntities=ParentCompany;,,-12400000.0,
0000073124-26-000016,IncreaseDecreaseInAccruedIncomeTaxesPayable,us-gaap/2025,20241231,4,USD,,,183500000.0,
0000073124-26-000016,IncreaseDecreaseInInterestPayableNet,us-gaap/2025,20251231,4,USD,,,-24800000.0,
0000073124-26-000016,IncreaseDecreaseInReceivables,us-gaap/2025,20241231,4,USD,,,6100000.0,
0000073124-26-000016,InterestBearingDepositLiabilitiesForeign,us-gaap/2025,20251231,0,USD,,,80046100000.0,
0000073124-26-000016,InterestBearingDepositsInBanks,us-gaap/2025,20241231,0,USD,FairValueByFairValueHierarchyLevel=FairValueInputsLevel3;FairValueByMeasurementBasis=EstimateOfFairValueFairValueDisclosure;,,0.0,
0000073124-26-000016,InterestBearingDepositsInBanks,us-gaap/2025,20251231,0,USD,FairValueByMeasurementBasis=CarryingReportedAmountFairValueDisclosure;,,1729400000.0,
0000073124-26-000016,InterestExpenseOperating,us-gaap/2025,20231231,4,USD,ConsolidatedEntities=ParentCompany;,,279500000.0,
0000073124-26-000016,InterestExpenseOperating,us-gaap/2025,20241231,4,USD,ConsolidatedEntities=ParentCompany;,,302800000.0,
0000073124-26-000016,InterestIncomeExpenseNet,us-gaap/2025,20231231,4,USD,,,1982000000.0,
0000073124-26-000016,InterestIncomeExpenseNet,us-gaap/2025,20231231,4,USD,ConsolidationItems=CorporateAndReconcilingItems;,,-57500000.0,
0000073124-26-000016,InterestIncomeExpenseNet,us-gaap/2025,20241231,4,USD,BusinessSegments=AssetServicingSegment;ChangeInAccountingEstimateByType=ChangeInAllocationOfNetInterestIncome;,,-132000000.0,
0000073124-26-000016,InterestIncomeExpenseNet,us-gaap/2025,20251231,4,USD,ConsolidationItems=CorporateAndReconcilingItems;,,-29800000.0,
0000073124-26-000016,InterestPaidNet,us-gaap/2025,20231231,4,USD,,,5285500000.0,
0000073124-26-000016,InterestPaidNet,us-gaap/2025,20241231,4,USD,,,7610300000.0,
0000073124-26-000016,LiabilitiesAndStockholdersEquity,us-gaap/2025,20241231,0,USD,,,155508400000.0,
0000073124-26-000016,NetCashProvidedByUsedInFinancingActivities,us-gaap/2025,20241231,4,USD,,,3439500000.0,
0000073124-26-000016,NetCashProvidedByUsedInOperatingActivities,us-gaap/2025,20251231,4,USD,ConsolidatedEntities=ParentCompany;,,1458600000.0,
0000073124-26-000016,NetIncomeLoss,us-gaap/2025,20241231,4,USD,ConsolidationItems=CorporateAndReconcilingItems;,,437900000.0,
0000073124-26-000016,NetIncomeLoss,us-gaap/2025,20241231,4,USD,Geographical=US;,,1723200000.0,
0000073124-26-000016,NetIncomeLoss,us-gaap/2025,20251231,4,USD,BusinessSegments=WealthManagementSegment;ConsolidationItems=OperatingSegments;,,980700000.0,
0000073124-26-000016,NetIncomeLossAvailableToCommonStockholdersBasic,us-gaap/2025,20231231,4,USD,,,1065500000.0,
0000073124-26-000016,NoninterestExpense,us-gaap/2025,20231231,4,USD,ConsolidationItems=CorporateAndReconcilingItems;,,128700000.0,
0000073124-26-000016,NoninterestExpense,us-gaap/2025,20251231,4,USD,,,5754400000.0,
0000073124-26-000016,NoninterestIncome,us-gaap/2025,20241231,4,USD,,,6113300000.0,
0000073124-26-000016,NoninterestIncomeOtherOperatingIncome,us-gaap/2025,20251231,4,USD,ProductOrService=FinancialServiceOther;,,17600000.0,
0000073124-26-000016,OccupancyNet,us-gaap/2025,20231231,4,USD,,,232300000.0,
0000073124-26-000016,OtherBorrowings,us-gaap/2025,20251231,0,USD,FairValueByMeasurementBasis=CarryingReportedAmountFairValueDisclosure;,,7158300000.0,
0000073124-26-000016,OtherComprehensiveIncomeLossNetOfTaxPortionAttributableToParent,us-gaap/2025,20231231,4,USD,EquityComponents=AccumulatedForeignCurrencyAdjustmentAttributabletoParentOther;,,99200000.0,
0000073124-26-000016,OtherComprehensiveIncomeLossNetOfTaxPortionAttributableToParent,us-gaap/2025,20231231,4,USD,EquityComponents=NetInvestmentHedgeGainLoss;,,-59500000.0,
0000073124-26-000016,OtherComprehensiveIncomeLossNetOfTaxPortionAttributableToParent,us-gaap/2025,20241231,4,USD,EquityComponents=AccumulatedOtherComprehensiveIncome;,,323900000.0,
0000073124-26-000016,OtherComprehensiveIncomeLossNetOfTaxPortionAttributableToParent,us-gaap/2025,20251231,4,USD,EquityComponents=AccumulatedDefinedBenefitPlansAdjustment;,,10600000.0,
0000073124-26-000016,OtherComprehensiveIncomeLossPensionAndOtherPostretirementBenefitPlansAdjustmentNetOfTax,us-gaap/2025,20241231,4,USD,,,31200000.0,
0000073124-26-000016,OtherNoninterestExpense,us-gaap/2025,20251231,4,USD,,,345300000.0,
0000073124-26-000016,OtherNoninterestExpense,us-gaap/2025,20251231,4,USD,ConsolidatedEntities=ParentCompany;,,42300000.0,
0000073124-26-000016,PaymentsForProceedsFromOtherInvestingActivities,us-gaap/2025,20231231,4,USD,ConsolidatedEntities=ParentCompany;,,0.0,
0000073124-26-000016,PaymentsOfDividendsCommonStock,us-gaap/2025,20241231,4,USD,ConsolidatedEntities=ParentCompany;,,602300000.0,
0000073124-26-000016,PaymentsOfDividendsCommonStock,us-gaap/2025,20251231,4,USD,,,591600000.0,
0000073124-26-000016,PensionContributions,us-gaap/2025,20231231,4,USD,,,20400000.0,
0000073124-26-000016,PreferredStockDividendsIncomeStatementImpact,us-gaap/2025,20231231,4,USD,ConsolidatedEntities=ParentCompany;,,41800000.0,
0000073124-26-000016,PreferredStockDividendsIncomeStatementImpact,us-gaap/2025,20241231,4,USD,ConsolidatedEntities=ParentCompany;,,41800000.0,
0000073124-26-000016,PreferredStockSharesAuthorized,us-gaap/2025,20251231,0,shares,,,10000000.0,
0000073124-26-000016,ProceedsFromSaleAndMaturityOfAvailableForSaleSecurities,us-gaap/2025,20241231,4,USD,,,6983000000.0,
0000073124-26-000016,ProfessionalFees,us-gaap/2025,20231231,4,USD,ConsolidationItems=CorporateAndReconcilingItems;,,672000000.0,
0000073124-26-000016,ProfessionalFees,us-gaap/2025,20251231,4,USD,ConsolidationItems=CorporateAndReconcilingItems;,,805000000.0,
0000073124-26-000016,PropertyPlantAndEquipmentNet,us-gaap/2025,20251231,0,USD,,,464600000.0,
0000073124-26-000016,ReclassificationOfCertainCashCollateralFromOtherOperatingActivitiesToDeposits,0000073124-26-000016,20231231,4,USD,,,0.0,
0000073124-26-000016,RetainedEarningsAccumulatedDeficit,us-gaap/2025,20251231,0,USD,,,16709300000.0,
0000073124-26-000016,RevenueFromContractWithCustomerExcludingAssessedTax,us-gaap/2025,20231231,4,USD,ProductOrService=CustodyandFundAdministration;,,1805300000.0,
0000073124-26-000016,RevenueFromContractWithCustomerExcludingAssessedTax,us-gaap/2025,20241231,4,USD,,,4727800000.0,
0000073124-26-000016,SalariesWagesAndIncentives,0000073124-26-000016,20231231,4,USD,BusinessSegments=WealthManagementSegment;ConsolidationItems=OperatingSegments;,,551200000.0,
0000073124-26-000016,SalariesWagesAndIncentives,0000073124-26-000016,20241231,4,USD,,,2471100000.0,
0000073124-26-000016,SecuritiesSoldUnderAgreementsToRepurchase,us-gaap/2025,20241231,0,USD,FairValueByMeasurementBasis=CarryingReportedAmountFairValueDisclosure;,,462000000.0,
0000073124-26-000016,SecurityCommissionsandTradingIncome,0000073124-26-000016,20231231,4,USD,,,135000000.0,
0000073124-26-000016,SecurityCommissionsandTradingIncome,0000073124-26-000016,20241231,4,USD,,,150500000.0,
0000073124-26-000016,SeniorNotes,us-gaap/2025,20241231,0,USD,FairValueByFairValueHierarchyLevel=FairValueInputsLevel1;FairValueByMeasurementBasis=EstimateOfFairValueFairValueDisclosure;,,0.0,
0000073124-26-000016,SeniorNotes,us-gaap/2025,20251231,0,USD,ConsolidatedEntities=ParentCompany;,,3351500000.0,
0000073124-26-000016,SeniorNotes,us-gaap/2025,20251231,0,USD,FairValueByMeasurementBasis=EstimateOfFairValueFairValueDisclosure;,,3405500000.0,
0000073124-26-000016,SeniorNotes,us-gaap/2025,20251231,0,USD,LongtermDebtType=FixedRateCorporateSeniorNotesDueAugust2028;,,493500000.0,
0000073124-26-000016,ShareRepurchaseProgramExciseTax,us-gaap/2025,20251231,4,USD,EquityComponents=TreasuryStockCommon;,,10900000.0,
0000073124-26-000016,StockholdersEquity,us-gaap/2025,20221231,0,USD,EquityComponents=TreasuryStockCommon;,,-3246800000.0,
0000073124-26-000016,StockholdersEquity,us-gaap/2025,20241231,0,USD,,,12788400000.0,
0000073124-26-000016,StockholdersEquity,us-gaap/2025,20251231,0,USD,EquityComponents=AccumulatedGainLossNetCashFlowHedgeParent;,,900000.0,
0000073124-26-000016,StockholdersEquity,us-gaap/2025,20251231,0,USD,EquityComponents=CommonStock;,,408600000.0,
0000073124-26-000016,StockholdersEquity,us-gaap/2025,20251231,0,USD,EquityComponents=PreferredStock;,,884900000.0,
0000073124-26-000016,StockIssuedDuringPeriodValueShareBasedCompensation,us-gaap/2025,20231231,4,USD,EquityComponents=AdditionalPaidInCapital;,,26100000.0,
0000073124-26-000016,StockIssuedDuringPeriodValueShareBasedCompensation,us-gaap/2025,20231231,4,USD,EquityComponents=TreasuryStockCommon;,,95700000.0,
0000073124-26-000016,TreasuryStockValue,us-gaap/2025,20241231,0,USD,,,4331100000.0,
0000073124-26-000016,WeightedAverageNumberOfSharesOutstandingBasic,us-gaap/2025,20231231,4,shares,,,207248094.0,
0000073124-26-000016,AccretionAmortizationOfDiscountsAndPremiumsInvestments,us-gaap/2025,20251231,4,USD,,,67800000.0,
0000073124-26-000016,AccumulatedOtherComprehensiveIncomeLossNetOfTax,us-gaap/2025,20251231,0,USD,ConsolidatedEntities=ParentCompany;,,-590500000.0,
0000073124-26-000016,AdditionalPaidInCapital,us-gaap/2025,20251231,0,USD,,,1039000000.0,
0000073124-26-000016,Assets,us-gaap/2025,20241231,0,USD,ConsolidatedEntities=ParentCompany;,,18143500000.0,
0000073124-26-000016,CashAndDueFromBanks,us-gaap/2025,20241231,0,USD,,,4677200000.0,
0000073124-26-000016,CashAndDueFromBanks,us-gaap/2025,20241231,0,USD,FairValueByFairValueHierarchyLevel=FairValueInputsLevel1;FairValueByMeasurementBasis=EstimateOfFairValueFairValueDisclosure;,,4677200000.0,
0000073124-26-000016,CashAndDueFromBanks,us-gaap/2025,20241231,0,USD,FairValueByFairValueHierarchyLevel=FairValueInputsLevel2;FairValueByMeasurementBasis=EstimateOfFairValueFairValueDisclosure;,,0.0,
0000073124-26-000016,CashAndDueFromBanks,us-gaap/2025,20251231,0,USD,ConsolidatedEntities=ParentCompany;,,2320600000.0,
0000073124-26-000016,CashAndDueFromBanks,us-gaap/2025,20251231,0,USD,FairValueByMeasurementBasis=EstimateOfFairValueFairValueDisclosure;,,5873100000.0,
0000073124-26-000016,CashCashEquivalentsRestrictedCashAndRestrictedCashEquivalentsPeriodIncreaseDecreaseIncludingExchangeRateEffect,us-gaap/2025,20231231,4,USD,,,137300000.0,
0000073124-26-000016,ChangeInFederalFundsPurchased,0000073124-26-000016,20251231,4,USD,,,18400000.0,
0000073124-26-000016,CommonStockSharesOutstanding,us-gaap/2025,20231231,0,shares,,,205126224.0,
0000073124-26-000016,CreditLossExpenseReversalAndAvailableForSaleAllowanceForCreditLoss,0000073124-26-000016,20251231,4,USD,BusinessSegments=WealthManagementSegment;ConsolidationItems=OperatingSegments;,,-7500000.0,
0000073124-26-000016,DebtSecuritiesAvailableForSaleAmortizedCostExcludingAccruedInterestAfterAllowanceForCreditLoss,us-gaap/2025,20241231,0,USD,,,29229100000.0,
0000073124-26-000016,DebtSecuritiesAvailableForSaleAmortizedCostExcludingAccruedInterestAfterAllowanceForCreditLoss,us-gaap/2025,20251231,0,USD,,,34102400000.0,
0000073124-26-000016,DebtSecuritiesAvailableForSaleAmortizedCostExcludingAccruedInterestAfterAllowanceForCreditLoss,us-gaap/2025,20251231,0,USD,FinancialInstrument=CoveredBonds;,,275300000.0,
0000073124-26-000016,DebtSecuritiesAvailableForSaleExcludingAccruedInterest,us-gaap/2025,20241231,0,USD,FairValueByFairValueHierarchyLevel=FairValueInputsLevel1;FairValueByMeasurementFrequency=FairValueMeasurementsRecurring;FinancialInstrument=USTreasuryAndGovernment;,,7367500000.0,
0000073124-26-000016,DebtSecuritiesAvailableForSaleExcludingAccruedInterest,us-gaap/2025,20241231,0,USD,FairValueByFairValueHierarchyLevel=FairValueInputsLevel2;FairValueByMeasurementFrequency=FairValueMeasurementsRecurring;FinancialInstrument=USTreasuryAndGovernment;,,0.0,
0000073124-26-000016,DebtSecuritiesAvailableForSaleExcludingAccruedInterest,us-gaap/2025,20241231,0,USD,FairValueByFairValueHierarchyLevel=FairValueInputsLevel3;FairValueByMeasurementFrequency=FairValueMeasurementsRecurring;FinancialInstrument=USStatesAndPoliticalSubdivisions;,,0.0,
0000073124-26-000016,DebtSecuritiesAvailableForSaleExcludingAccruedInterest,us-gaap/2025,20241231,0,USD,FairValueByMeasurementFrequency=FairValueMeasurementsRecurring;,,29001500000.0,
0000073124-26-000016,DebtSecuritiesAvailableForSaleExcludingAccruedInterest,us-gaap/2025,20241231,0,USD,FairValueByMeasurementFrequency=FairValueMeasurementsRecurring;FinancialInstrument=CommercialMortgageBackedSecurities;,,590200000.0,
0000073124-26-000016,DebtSecuritiesAvailableForSaleExcludingAccruedInterest,us-gaap/2025,20241231,0,USD,FairValueByMeasurementFrequency=FairValueMeasurementsRecurring;FinancialInstrument=SubSovereignSupranationalAndNonUsAgencyBonds;,,4583100000.0,
0000073124-26-000016,DebtSecuritiesAvailableForSaleExcludingAccruedInterest,us-gaap/2025,20241231,0,USD,FinancialInstrument=USTreasuryAndGovernment;,,7367500000.0,
0000073124-26-000016,DebtSecuritiesAvailableForSaleExcludingAccruedInterest,us-gaap/2025,20251231,0,USD,FairValueByFairValueHierarchyLevel=FairValueInputsLevel1;FairValueByMeasurementFrequency=FairValueMeasurementsRecurring;FinancialInstrument=CoveredBonds;,,0.0,
0000073124-26-000016,DebtSecuritiesAvailableForSaleExcludingAccruedInterest,us-gaap/2025,20251231,0,USD,FairValueByFairValueHierarchyLevel=FairValueInputsLevel1;FairValueByMeasurementFrequency=FairValueMeasurementsRecurring;FinancialInstrument=OtherAssetBackedSecurities;,,0.0,
0000073124-26-000016,DebtSecuritiesAvailableForSaleExcludingAccruedInterest,us-gaap/2025,20251231,0,USD,FairValueByFairValueHierarchyLevel=FairValueInputsLevel3;FairValueByMeasurementFrequency=FairValueMeasurementsRecurring;FinancialInstrument=CorporateDebtSecurities;,,0.0,
0000073124-26-000016,DebtSecuritiesAvailableForSaleExcludingAccruedInterest,us-gaap/2025,20251231,0,USD,FairValueByMeasurementFrequency=FairValueMeasurementsRecurring;FinancialInstrument=CorporateDebtSecurities;,,64400000.0,
0000073124-26-000016,DebtSecuritiesAvailableForSaleExcludingAccruedInterest,us-gaap/2025,20251231,0,USD,FairValueByMeasurementFrequency=FairValueMeasurementsRecurring;FinancialInstrument=CoveredBonds;,,273500000.0,
0000073124-26-000016,DebtSecuritiesAvailableForSaleExcludingAccruedInterest,us-gaap/2025,20251231,0,USD,FinancialInstrument=SubSovereignSupranationalAndNonUsAgencyBonds;,,4984300000.0,
0000073124-26-000016,DebtSecuritiesAvailableForSaleRealizedGainLoss,us-gaap/2025,20241231,4,USD,,,-189300000.0,
0000073124-26-000016,DebtSecuritiesHeldToMaturityExcludingAccruedInterestAfterAllowanceForCreditLoss,us-gaap/2025,20241231,0,USD,FinancialInstrument=CertificatesOfDeposit;,,336000000.0,
0000073124-26-000016,DividendsCommonStock,us-gaap/2025,20231231,4,USD,EquityComponents=RetainedEarnings;,,630200000.0,
0000073124-26-000016,DividendsPreferredStock,us-gaap/2025,20231231,4,USD,,,41800000.0,
0000073124-26-000016,FederalFundsPurchased,us-gaap/2025,20241231,0,USD,FairValueByFairValueHierarchyLevel=FairValueInputsLevel2;FairValueByMeasurementBasis=EstimateOfFairValueFairValueDisclosure;,,2159500000.0,
0000073124-26-000016,FederalReserveAndForeignCentralBankDeposits,0000073124-26-000016,20241231,0,USD,FairValueByMeasurementBasis=CarryingReportedAmountFairValueDisclosure;,,38775400000.0,
0000073124-26-000016,FederalReserveAndForeignCentralBankDeposits,0000073124-26-000016,20251231,0,USD,FairValueByFairValueHierarchyLevel=FairValueInputsLevel2;FairValueByMeasurementBasis=EstimateOfFairValueFairValueDisclosure;,,53524900000.0,
0000073124-26-000016,FinancingReceivableExcludingAccruedInterestBeforeAllowanceForCreditLoss,us-gaap/2025,20241231,0,USD,FinancingReceivablePortfolioSegment=CommercialPortfolioSegment;FinancingReceivableRecordedInvestmentByClassOfFinancingReceivable=CommercialRealEstateMortgageApartmentAndMultiFamily;,,1599900000.0,
0000073124-26-000016,FinancingReceivableExcludingAccruedInterestBeforeAllowanceForCreditLoss,us-gaap/2025,20241231,0,USD,FinancingReceivablePortfolioSegment=CommercialPortfolioSegment;FinancingReceivableRecordedInvestmentByClassOfFinancingReceivable=CommercialRealEstateMortgageIndustrialAndWarehouse;,,906100000.0,
0000073124-26-000016,FinancingReceivableExcludingAccruedInterestBeforeAllowanceForCreditLoss,us-gaap/2025,20241231,0,USD,FinancingReceivablePortfolioSegment=ConsumerPortfolioSegment;FinancingReceivableRecordedInvestmentByClassOfFinancingReceivable=OtherConsumerLoan;,,478400000.0,
0000073124-26-000016,FinancingReceivableExcludingAccruedInterestBeforeAllowanceForCreditLoss,us-gaap/2025,20241231,0,USD,FinancingReceivablePortfolioSegment=ConsumerPortfolioSegment;FinancingReceivableRecordedInvestmentByClassOfFinancingReceivable=OtherConsumerLoan;InternalCreditAssessment=FourToFiveInternalGrade;,,309900000.0,
0000073124-26-000016,FinancingReceivableExcludingAccruedInterestBeforeAllowanceForCreditLoss,us-gaap/2025,20241231,0,USD,FinancingReceivablePortfolioSegment=ConsumerPortfolioSegment;FinancingReceivableRecordedInvestmentByClassOfFinancingReceivable=ResidentialRealEstate;Geographical=NY;,,510800000.0,
0000073124-26-000016,FinancingReceivableExcludingAccruedInterestBeforeAllowanceForCreditLoss,us-gaap/2025,20241231,0,USD,FinancingReceivablePortfolioSegment=ConsumerPortfolioSegment;FinancingReceivableRecordedInvestmentByClassOfFinancingReceivable=ResidentialRealEstate;InternalCreditAssessment=FourToFiveInternalGrade;,,3692000000.0,
0000073124-26-000016,FinancingReceivableExcludingAccruedInterestBeforeAllowanceForCreditLoss,us-gaap/2025,20251231,0,USD,FinancingReceivablePortfolioSegment=CommercialPortfolioSegment;,,20431000000.0,
0000073124-26-000016,FinancingReceivableExcludingAccruedInterestBeforeAllowanceForCreditLoss,us-gaap/2025,20251231,0,USD,FinancingReceivablePortfolioSegment=CommercialPortfolioSegment;FinancingReceivableRecordedInvestmentByClassOfFinancingReceivable=ForeignCommercialLoans;InternalCreditAssessment=OneToThreeInternalGrade;,,1202200000.0,
0000073124-26-000016,FinancingReceivableExcludingAccruedInterestBeforeAllowanceForCreditLoss,us-gaap/2025,20251231,0,USD,FinancingReceivablePortfolioSegment=ConsumerPortfolioSegment;FinancingReceivableRecordedInvestmentByClassOfFinancingReceivable=ForeignConsumerLoans;InternalCreditAssessment=SixToNineInternalGrade;,,30300000.0,
0000073124-26-000016,FinancingReceivableExcludingAccruedInterestBeforeAllowanceForCreditLoss,us-gaap/2025,20251231,0,USD,FinancingReceivablePortfolioSegment=ConsumerPortfolioSegment;FinancingReceivableRecordedInvestmentByClassOfFinancingReceivable=ResidentialRealEstate;Geographical=IL;,,548500000.0,
0000073124-26-000016,FinancingReceivableExcludingAccruedInterestBeforeAllowanceForCreditLoss,us-gaap/2025,20251231,0,USD,FinancingReceivablePortfolioSegment=ConsumerPortfolioSegment;FinancingReceivableRecordedInvestmentByClassOfFinancingReceivable=ResidentialRealEstate;Geographical=NY;,,539300000.0,
0000073124-26-000016,GainLossOnInvestments,us-gaap/2025,20231231,4,USD,,,-169500000.0,
0000073124-26-000016,Goodwill,us-gaap/2025,20241231,0,USD,,,694900000.0,
0000073124-26-000016,HeldToMaturitySecuritiesFairValue,us-gaap/2025,20241231,0,USD,FinancialInstrument=CertificatesOfDeposit;,,335700000.0,
0000073124-26-000016,HeldToMaturitySecuritiesFairValue,us-gaap/2025,20241231,0,USD,FinancialInstrument=CommercialMortgageBackedSecurities;,,36800000.0,
0000073124-26-000016,HeldToMaturitySecuritiesFairValue,us-gaap/2025,20241231,0,USD,FinancialInstrument=CorporateDebtSecurities;,,340600000.0,
0000073124-26-000016,HeldToMaturitySecuritiesFairValue,us-gaap/2025,20241231,0,USD,FinancialInstrument=ForeignGovernmentDebtSecurities;,,3679700000.0,
0000073124-26-000016,HeldToMaturitySecuritiesFairValue,us-gaap/2025,20241231,0,USD,FinancialInstrument=OtherAssetBackedSecurities;,,107300000.0,
0000073124-26-000016,HeldToMaturitySecuritiesFairValue,us-gaap/2025,20251231,0,USD,FairValueByMeasurementBasis=CarryingReportedAmountFairValueDisclosure;,,23429600000.0,
0000073124-26-000016,HeldToMaturitySecuritiesFairValue,us-gaap/2025,20251231,0,USD,FinancialInstrument=OtherSecurities;,,491400000.0,
0000073124-26-000016,HeldToMaturitySecuritiesFairValue,us-gaap/2025,20251231,0,USD,FinancialInstrument=SubSovereignSupranationalAndNonUsAgencyBonds;,,4456400000.0,
0000073124-26-000016,HeldToMaturitySecuritiesFairValue,us-gaap/2025,20251231,0,USD,FinancialInstrument=USStatesAndPoliticalSubdivisions;,,2449400000.0,
0000073124-26-000016,IncomeLossFromContinuingOperationsBeforeIncomeTaxesExtraordinaryItemsNoncontrollingInterest,us-gaap/2025,20231231,4,USD,,,1464800000.0,
0000073124-26-000016,IncomeLossFromContinuingOperationsBeforeIncomeTaxesExtraordinaryItemsNoncontrollingInterest,us-gaap/2025,20231231,4,USD,Geographical=NonUs;,,473800000.0,
0000073124-26-000016,IncomeLossFromContinuingOperationsBeforeIncomeTaxesExtraordinaryItemsNoncontrollingInterest,us-gaap/2025,20241231,4,USD,,,2659500000.0,
0000073124-26-000016,IncomeTaxesPaidNet,us-gaap/2025,20251231,4,USD,,,426800000.0,
0000073124-26-000016,IncomeTaxExpenseBenefit,us-gaap/2025,20231231,4,USD,ConsolidationItems=CorporateAndReconcilingItems;,,-75500000.0,
0000073124-26-000016,IncreaseDecreaseInAccruedIncomeTaxesPayable,us-gaap/2025,20231231,4,USD,ConsolidatedEntities=ParentCompany;,,-10200000.0,
0000073124-26-000016,IncreaseDecreaseInInterestPayableNet,us-gaap/2025,20241231,4,USD,,,-41900000.0,
0000073124-26-000016,IncreaseDecreaseInOtherOperatingCapitalNet,us-gaap/2025,20251231,4,USD,ConsolidatedEntities=ParentCompany;,,-170800000.0,
0000073124-26-000016,InterestBearingDepositLiabilitiesForeign,us-gaap/2025,20241231,0,USD,,,66274900000.0,
0000073124-26-000016,InterestBearingDepositsInBanks,us-gaap/2025,20241231,0,USD,,,1944700000.0,
0000073124-26-000016,InterestIncomeExpenseAfterProvisionForLoanLoss,us-gaap/2025,20241231,4,USD,,,2180100000.0,
0000073124-26-000016,Liabilities,us-gaap/2025,20251231,0,USD,,,164174800000.0,
0000073124-26-000016,NetIncomeLoss,us-gaap/2025,20231231,4,USD,EquityComponents=RetainedEarnings;,,1107300000.0,
0000073124-26-000016,NetIncomeLoss,us-gaap/2025,20251231,4,USD,ConsolidationItems=CorporateAndReconcilingItems;,,-126400000.0,
0000073124-26-000016,NetIncomeLoss,us-gaap/2025,20251231,4,USD,EquityComponents=RetainedEarnings;,,1736900000.0,
0000073124-26-000016,NetIncomeLossAvailableToCommonStockholdersBasic,us-gaap/2025,20251231,4,USD,ConsolidatedEntities=ParentCompany;,,1695100000.0,
0000073124-26-000016,NoninterestExpense,us-gaap/2025,20231231,4,USD,BusinessSegments=WealthManagementSegment;ConsolidationItems=OperatingSegments;,,1884800000.0,
0000073124-26-000016,NoninterestExpense,us-gaap/2025,20241231,4,USD,BusinessSegments=AssetServicingSegment;ConsolidationItems=OperatingSegments;,,3487700000.0,
0000073124-26-000016,NoninterestIncome,us-gaap/2025,20231231,4,USD,BusinessSegments=AssetServicingSegment;ConsolidationItems=OperatingSegments;,,2938300000.0,
0000073124-26-000016,NoninterestIncome,us-gaap/2025,20251231,4,USD,ConsolidationItems=CorporateAndReconcilingItems;,,-25200000.0,
0000073124-26-000016,NoninterestIncomeOtherOperatingIncome,us-gaap/2025,20251231,4,USD,ProductOrService=BankServicing;,,56100000.0,
0000073124-26-000016,OtherAssets,us-gaap/2025,20251231,0,USD,,,12934300000.0,
0000073124-26-000016,OtherBorrowings,us-gaap/2025,20251231,0,USD,FairValueByFairValueHierarchyLevel=FairValueInputsLevel2;FairValueByMeasurementBasis=EstimateOfFairValueFairValueDisclosure;,,7185500000.0,
0000073124-26-000016,OtherComprehensiveIncomeLossForeignCurrencyTransactionAndTranslationAdjustmentNetOfTax,us-gaap/2025,20241231,4,USD,,,29500000.0,
0000073124-26-000016,OtherComprehensiveIncomeLossNetOfTaxPortionAttributableToParent,us-gaap/2025,20241231,4,USD,EquityComponents=AccumulatedDefinedBenefitPlansAdjustment;,,-31200000.0,
0000073124-26-000016,OtherComprehensiveIncomeUnrealizedHoldingGainLossOnSecuritiesArisingDuringPeriodNetOfTax,us-gaap/2025,20231231,4,USD,,,443700000.0,
0000073124-26-000016,PaymentsForProceedsFromFederalReserveAndForeignCentralBankDeposits,0000073124-26-000016,20241231,4,USD,,,5255300000.0,
0000073124-26-000016,PaymentsForProceedsFromFederalReserveAndForeignCentralBankDeposits,0000073124-26-000016,20251231,4,USD,,,13263600000.0,
0000073124-26-000016,PaymentsForRepurchaseOfCommonStock,us-gaap/2025,20231231,4,USD,,,347500000.0,
0000073124-26-000016,PaymentsOfDividendsCommonStock,us-gaap/2025,20251231,4,USD,ConsolidatedEntities=ParentCompany;,,591600000.0,
0000073124-26-000016,PaymentsOfDividendsPreferredStockAndPreferenceStock,us-gaap/2025,20241231,4,USD,ConsolidatedEntities=ParentCompany;,,41800000.0,
0000073124-26-000016,PaymentsToAcquireAvailableForSaleSecuritiesDebt,us-gaap/2025,20231231,4,USD,,,7320200000.0,
0000073124-26-000016,PreferredStockSharesOutstanding,us-gaap/2025,20251231,0,shares,ClassOfStock=SeriesDPreferredStock;,,5000.0,
0000073124-26-000016,PreferredStockValue,us-gaap/2025,20251231,0,USD,ClassOfStock=SeriesEPreferredStock;,,391400000.0,
0000073124-26-000016,ProceedsFromIssuanceOfSeniorLongTermDebt,us-gaap/2025,20231231,4,USD,ConsolidatedEntities=ParentCompany;,,0.0,
0000073124-26-000016,ProceedsFromIssuanceOfSubordinatedLongTermDebt,us-gaap/2025,20231231,4,USD,,,2000000000.0,
0000073124-26-000016,ProceedsFromRepaymentsOfShortTermDebtMaturingInThreeMonthsOrLess,us-gaap/2025,20241231,4,USD,,,-103800000.0,
0000073124-26-000016,ProceedsFromSaleAndMaturityOfAvailableForSaleSecurities,us-gaap/2025,20231231,4,USD,,,11614800000.0,
0000073124-26-000016,ProceedsFromStockOptionsExercised,us-gaap/2025,20241231,4,USD,,,9400000.0,
0000073124-26-000016,ProfessionalFees,us-gaap/2025,20251231,4,USD,BusinessSegments=AssetServicingSegment;ConsolidationItems=OperatingSegments;,,122100000.0,
0000073124-26-000016,ProfessionalFees,us-gaap/2025,20251231,4,USD,BusinessSegments=WealthManagementSegment;ConsolidationItems=OperatingSegments;,,61400000.0,
0000073124-26-000016,PropertyPlantAndEquipmentNet,us-gaap/2025,20241231,0,USD,PropertyPlantAndEquipmentByType=Building;,,83100000.0,
0000073124-26-000016,ReclassificationOfCertainCashCollateralFromOtherOperatingActivitiesToDeposits,0000073124-26-000016,20241231,4,USD,,,1157200000.0,"Beginning January 1, 2024, Northern Trust reclassified certain cash collateral received from Other Liabilities to Deposits on the consolidated statement of financial condition. Prior periods have not been restated."
0000073124-26-000016,RepaymentsOfSubordinatedDebt,us-gaap/2025,20231231,4,USD,,,0.0,
0000073124-26-000016,RepaymentsOfSubordinatedDebt,us-gaap/2025,20231231,4,USD,ConsolidatedEntities=ParentCompany;,,0.0,
0000073124-26-000016,RetainedEarningsAccumulatedDeficit,us-gaap/2025,20251231,0,USD,ConsolidatedEntities=ParentCompany;,,16709300000.0,
0000073124-26-000016,RevenueFromContractWithCustomerExcludingAssessedTax,us-gaap/2025,20231231,4,USD,ConsolidationItems=CorporateAndReconcilingItems;,,0.0,
0000073124-26-000016,RevenueFromContractWithCustomerExcludingAssessedTax,us-gaap/2025,20241231,4,USD,BusinessSegments=AssetServicingSegment;ConsolidationItems=OperatingSegments;,,2632800000.0,
0000073124-26-000016,RevenueFromContractWithCustomerExcludingAssessedTax,us-gaap/2025,20241231,4,USD,ProductOrService=OtherTrustInvestmentAndOtherServicingFees;,,246800000.0,
0000073124-26-000016,RevenueFromContractWithCustomerExcludingAssessedTax,us-gaap/2025,20251231,4,USD,ProductOrService=CustodyandFundAdministration;,,2026700000.0,
0000073124-26-000016,RevenueFromContractWithCustomerExcludingAssessedTax,us-gaap/2025,20251231,4,USD,ProductOrService=ProductsandServicesOtherOperatingIncome;,,41800000.0,
0000073124-26-000016,SalariesWagesAndIncentives,0000073124-26-000016,20231231,4,USD,,,2321800000.0,
0000073124-26-000016,SalariesWagesAndIncentives,0000073124-26-000016,20241231,4,USD,BusinessSegments=WealthManagementSegment;ConsolidationItems=OperatingSegments;,,576500000.0,
0000073124-26-000016,SecuritiesSoldUnderAgreementsToRepurchase,us-gaap/2025,20251231,0,USD,FairValueByFairValueHierarchyLevel=FairValueInputsLevel1;FairValueByMeasurementBasis=EstimateOfFairValueFairValueDisclosure;,,0.0,
0000073124-26-000016,SeniorNotes,us-gaap/2025,20241231,0,USD,LongtermDebtType=FixedRateCorporateSeniorNotesDueMay2027;,,998300000.0,
0000073124-26-000016,SeniorNotes,us-gaap/2025,20241231,0,USD,LongtermDebtType=FixedRateCorporateSeniorNotesDueNovember2030;,,0.0,
0000073124-26-000016,SeniorNotes,us-gaap/2025,20251231,0,USD,,,3351500000.0,
0000073124-26-000016,SeniorNotes,us-gaap/2025,20251231,0,USD,FairValueByFairValueHierarchyLevel=FairValueInputsLevel1;FairValueByMeasurementBasis=EstimateOfFairValueFairValueDisclosure;,,0.0,
0000073124-26-000016,SeniorNotes,us-gaap/2025,20251231,0,USD,FairValueByFairValueHierarchyLevel=FairValueInputsLevel3;FairValueByMeasurementBasis=EstimateOfFairValueFairValueDisclosure;,,0.0,
0000073124-26-000016,ShareRepurchaseProgramExciseTax,us-gaap/2025,20231231,4,USD,EquityComponents=TreasuryStockCommon;,,2500000.0,
0000073124-26-000016,StockholdersEquity,us-gaap/2025,20221231,0,USD,EquityComponents=AccumulatedDefinedBenefitPlansAdjustment;,,-367400000.0,
0000073124-26-000016,StockholdersEquity,us-gaap/2025,20221231,0,USD,EquityComponents=AccumulatedGainLossNetCashFlowHedgeParent;,,1200000.0,
0000073124-26-000016,StockholdersEquity,us-gaap/2025,20221231,0,USD,EquityComponents=AccumulatedOtherComprehensiveIncome;,,-1569200000.0,
0000073124-26-000016,StockholdersEquity,us-gaap/2025,20231231,0,USD,EquityComponents=AccumulatedOtherComprehensiveIncome;,,-1137900000.0,
0000073124-26-000016,StockholdersEquity,us-gaap/2025,20231231,0,USD,EquityComponents=AccumulatedTranslationAdjustment;,,203600000.0,
0000073124-26-000016,StockholdersEquity,us-gaap/2025,20231231,0,USD,EquityComponents=CommonStock;,,408600000.0,
0000073124-26-000016,StockholdersEquity,us-gaap/2025,20231231,0,USD,EquityComponents=PreferredStock;,,884900000.0,
0000073124-26-000016,StockholdersEquity,us-gaap/2025,20231231,0,USD,EquityComponents=TreasuryStockCommon;,,-3501100000.0,
0000073124-26-000016,StockholdersEquity,us-gaap/2025,20241231,0,USD,ConsolidatedEntities=ParentCompany;,,12788400000.0,
0000073124-26-000016,StockholdersEquity,us-gaap/2025,20251231,0,USD,,,12957900000.0,
0000073124-26-000016,StockholdersEquity,us-gaap/2025,20251231,0,USD,EquityComponents=AccumulatedOtherComprehensiveIncome;,,-590500000.0,
0000073124-26-000016,StockIssuedDuringPeriodValueShareBasedCompensation,us-gaap/2025,20231231,4,USD,,,121800000.0,
0000073124-26-000016,StockIssuedDuringPeriodValueShareBasedCompensation,us-gaap/2025,20241231,4,USD,EquityComponents=AdditionalPaidInCapital;,,15700000.0,
0000073124-26-000016,StockIssuedDuringPeriodValueShareBasedCompensation,us-gaap/2025,20241231,4,USD,EquityComponents=TreasuryStockCommon;,,116200000.0,
0000073124-26-000016,SubordinatedDebtAndLongTermFederalHomeLoanBankAdvances,0000073124-26-000016,20241231,0,USD,,,4081300000.0,
0000073124-26-000016,TimeDeposits,us-gaap/2025,20251231,0,USD,,,6418900000.0,
0000073124-26-000016,TreasuryStockValueAcquiredCostMethod,us-gaap/2025,20231231,4,USD,EquityComponents=TreasuryStockCommon;,,347500000.0,
0000073124-26-000016,WeightedAverageNumberOfSharesOutstandingBasic,us-gaap/2025,20241231,4,shares,,,201263646.0,
0000073124-26-000016,Assets,us-gaap/2025,20231231,0,USD,Geographical=US;,,99083700000.0,
0000073124-26-000016,Assets,us-gaap/2025,20251231,0,USD,ConsolidatedEntities=ParentCompany;,,18910000000.0,
0000073124-26-000016,CashAndDueFromBanks,us-gaap/2025,20221231,0,USD,ConsolidatedEntities=ParentCompany;,,601400000.0,
0000073124-26-000016,CashAndDueFromBanks,us-gaap/2025,20241231,0,USD,FairValueByMeasurementBasis=EstimateOfFairValueFairValueDisclosure;,,4677200000.0,
0000073124-26-000016,CashAndDueFromBanks,us-gaap/2025,20251231,0,USD,,,5873100000.0,
0000073124-26-000016,CashCashEquivalentsRestrictedCashAndRestrictedCashEquivalentsPeriodIncreaseDecreaseIncludingExchangeRateEffect,us-gaap/2025,20251231,4,USD,,,1195900000.0,
0000073124-26-000016,ChangeInFederalFundsPurchased,0000073124-26-000016,20241231,4,USD,,,885900000.0,
0000073124-26-000016,CommonStockSharesOutstanding,us-gaap/2025,20221231,0,shares,,,208428309.0,
0000073124-26-000016,DebtSecuritiesAvailableForSaleExcludingAccruedInterest,us-gaap/2025,20241231,0,USD,FairValueByFairValueHierarchyLevel=FairValueInputsLevel1;FairValueByMeasurementFrequency=FairValueMeasurementsRecurring;FinancialInstrument=CorporateDebtSecurities;,,0.0,
0000073124-26-000016,DebtSecuritiesAvailableForSaleExcludingAccruedInterest,us-gaap/2025,20241231,0,USD,FairValueByFairValueHierarchyLevel=FairValueInputsLevel1;FairValueByMeasurementFrequency=FairValueMeasurementsRecurring;FinancialInstrument=OtherAssetBackedSecurities;,,0.0,
0000073124-26-000016,DebtSecuritiesAvailableForSaleExcludingAccruedInterest,us-gaap/2025,20241231,0,USD,FairValueByFairValueHierarchyLevel=FairValueInputsLevel2;FairValueByMeasurementFrequency=FairValueMeasurementsRecurring;FinancialInstrument=CommercialMortgageBackedSecurities;,,590200000.0,
0000073124-26-000016,DebtSecuritiesAvailableForSaleExcludingAccruedInterest,us-gaap/2025,20241231,0,USD,FairValueByFairValueHierarchyLevel=FairValueInputsLevel2;FairValueByMeasurementFrequency=FairValueMeasurementsRecurring;FinancialInstrument=CorporateDebtSecurities;,,163800000.0,
0000073124-26-000016,DebtSecuritiesAvailableForSaleExcludingAccruedInterest,us-gaap/2025,20241231,0,USD,FairValueByFairValueHierarchyLevel=FairValueInputsLevel3;FairValueByMeasurementFrequency=FairValueMeasurementsRecurring;FinancialInstrument=SubSovereignSupranationalAndNonUsAgencyBonds;,,0.0,
0000073124-26-000016,DebtSecuritiesAvailableForSaleExcludingAccruedInterest,us-gaap/2025,20241231,0,USD,FinancialInstrument=SubSovereignSupranationalAndNonUsAgencyBonds;,,4583100000.0,
0000073124-26-000016,DebtSecuritiesAvailableForSaleExcludingAccruedInterest,us-gaap/2025,20241231,0,USD,FinancialInstrument=USGovernmentAgenciesDebtSecurities;,,13288900000.0,
0000073124-26-000016,DebtSecuritiesAvailableForSaleExcludingAccruedInterest,us-gaap/2025,20251231,0,USD,FairValueByFairValueHierarchyLevel=FairValueInputsLevel1;FairValueByMeasurementFrequency=FairValueMeasurementsRecurring;FinancialInstrument=USStatesAndPoliticalSubdivisions;,,0.0,
0000073124-26-000016,DebtSecuritiesAvailableForSaleExcludingAccruedInterest,us-gaap/2025,20251231,0,USD,FairValueByFairValueHierarchyLevel=FairValueInputsLevel2;,,25900000000.0,
0000073124-26-000016,DebtSecuritiesAvailableForSaleExcludingAccruedInterest,us-gaap/2025,20251231,0,USD,FairValueByFairValueHierarchyLevel=FairValueInputsLevel3;FairValueByMeasurementFrequency=FairValueMeasurementsRecurring;FinancialInstrument=CommercialMortgageBackedSecurities;,,0.0,
0000073124-26-000016,DebtSecuritiesAvailableForSaleExcludingAccruedInterest,us-gaap/2025,20251231,0,USD,FairValueByFairValueHierarchyLevel=FairValueInputsLevel3;FairValueByMeasurementFrequency=FairValueMeasurementsRecurring;FinancialInstrument=OtherAssetBackedSecurities;,,0.0,
0000073124-26-000016,DebtSecuritiesAvailableForSaleExcludingAccruedInterest,us-gaap/2025,20251231,0,USD,FairValueByFairValueHierarchyLevel=FairValueInputsLevel3;FairValueByMeasurementFrequency=FairValueMeasurementsRecurring;FinancialInstrument=USTreasuryAndGovernment;,,0.0,
0000073124-26-000016,DebtSecuritiesAvailableForSaleExcludingAccruedInterest,us-gaap/2025,20251231,0,USD,FairValueByMeasurementFrequency=FairValueMeasurementsRecurring;,,34036500000.0,
0000073124-26-000016,DebtSecuritiesAvailableForSaleExcludingAccruedInterest,us-gaap/2025,20251231,0,USD,FairValueByMeasurementFrequency=FairValueMeasurementsRecurring;FinancialInstrument=USGovernmentAgenciesDebtSecurities;,,16567500000.0,
0000073124-26-000016,DebtSecuritiesAvailableForSaleExcludingAccruedInterest,us-gaap/2025,20251231,0,USD,FinancialInstrument=CorporateDebtSecurities;,,64400000.0,
0000073124-26-000016,DebtSecuritiesAvailableForSaleExcludingAccruedInterest,us-gaap/2025,20251231,0,USD,FinancialInstrument=OtherAssetBackedSecurities;,,2725100000.0,
0000073124-26-000016,DebtSecuritiesAvailableForSaleExcludingAccruedInterest,us-gaap/2025,20251231,0,USD,FinancialInstrument=USStatesAndPoliticalSubdivisions;,,313100000.0,
0000073124-26-000016,DebtSecuritiesHeldToMaturityExcludingAccruedInterestAfterAllowanceForCreditLoss,us-gaap/2025,20241231,0,USD,FinancialInstrument=USStatesAndPoliticalSubdivisions;,,2548200000.0,
0000073124-26-000016,DebtSecuritiesHeldToMaturityExcludingAccruedInterestAfterAllowanceForCreditLoss,us-gaap/2025,20251231,0,USD,,,23429600000.0,
0000073124-26-000016,DeferredIncomeTaxExpenseBenefit,us-gaap/2025,20251231,4,USD,,,194500000.0,
0000073124-26-000016,DefinedBenefitPlanBenefitObligationIncreaseDecreaseForAmortizationPeriodAdjustment,0000073124-26-000016,20251231,4,USD,BusinessSegments=WealthManagementSegment;ConsolidationItems=OperatingSegments;,,90900000.0,
0000073124-26-000016,DefinedBenefitPlanBenefitObligationIncreaseDecreaseForAmortizationPeriodAdjustment,0000073124-26-000016,20251231,4,USD,ConsolidationItems=CorporateAndReconcilingItems;,,304300000.0,
0000073124-26-000016,Deposits,us-gaap/2025,20241231,0,USD,FairValueByFairValueHierarchyLevel=FairValueInputsLevel2;FairValueByMeasurementBasis=EstimateOfFairValueFairValueDisclosure;,,122536500000.0,
0000073124-26-000016,Deposits,us-gaap/2025,20241231,0,USD,FairValueByMeasurementBasis=CarryingReportedAmountFairValueDisclosure;,,122482700000.0,
0000073124-26-000016,DepositsSavingsDeposits,us-gaap/2025,20241231,0,USD,,,26122600000.0,
0000073124-26-000016,DepositsSavingsDeposits,us-gaap/2025,20251231,0,USD,,,28984100000.0,
0000073124-26-000016,DividendsPreferredStock,us-gaap/2025,20231231,4,USD,EquityComponents=RetainedEarnings;,,41800000.0,
0000073124-26-000016,EquipmentAndSoftwareExpense,0000073124-26-000016,20251231,4,USD,,,1169900000.0,
0000073124-26-000016,FederalFundsPurchased,us-gaap/2025,20251231,0,USD,FairValueByMeasurementBasis=CarryingReportedAmountFairValueDisclosure;,,2141100000.0,
0000073124-26-000016,FederalReserveAndForeignCentralBankDeposits,0000073124-26-000016,20241231,0,USD,FairValueByFairValueHierarchyLevel=FairValueInputsLevel1;FairValueByMeasurementBasis=EstimateOfFairValueFairValueDisclosure;,,0.0,
0000073124-26-000016,FederalReserveAndForeignCentralBankDeposits,0000073124-26-000016,20241231,0,USD,FairValueByFairValueHierarchyLevel=FairValueInputsLevel3;FairValueByMeasurementBasis=EstimateOfFairValueFairValueDisclosure;,,0.0,
0000073124-26-000016,FinancingReceivableExcludingAccruedInterestBeforeAllowanceForCreditLoss,us-gaap/2025,20241231,0,USD,FinancingReceivablePortfolioSegment=CommercialPortfolioSegment;,,20278800000.0,
0000073124-26-000016,FinancingReceivableExcludingAccruedInterestBeforeAllowanceForCreditLoss,us-gaap/2025,20241231,0,USD,FinancingReceivablePortfolioSegment=CommercialPortfolioSegment;FinancingReceivableRecordedInvestmentByClassOfFinancingReceivable=CommercialAndInstitutionalLoans;InternalCreditAssessment=OneToThreeInternalGrade;,,6285100000.0,
0000073124-26-000016,FinancingReceivableExcludingAccruedInterestBeforeAllowanceForCreditLoss,us-gaap/2025,20241231,0,USD,FinancingReceivablePortfolioSegment=CommercialPortfolioSegment;FinancingReceivableRecordedInvestmentByClassOfFinancingReceivable=ForeignCommercialLoans;InternalCreditAssessment=OneToThreeInternalGrade;,,1421400000.0,
0000073124-26-000016,FinancingReceivableExcludingAccruedInterestBeforeAllowanceForCreditLoss,us-gaap/2025,20241231,0,USD,FinancingReceivablePortfolioSegment=ConsumerPortfolioSegment;FinancingReceivableRecordedInvestmentByClassOfFinancingReceivable=PrivateClient;InternalCreditAssessment=FourToFiveInternalGrade;,,8258600000.0,
0000073124-26-000016,FinancingReceivableExcludingAccruedInterestBeforeAllowanceForCreditLoss,us-gaap/2025,20241231,0,USD,FinancingReceivablePortfolioSegment=ConsumerPortfolioSegment;FinancingReceivableRecordedInvestmentByClassOfFinancingReceivable=ResidentialRealEstate;,,6109900000.0,
0000073124-26-000016,FinancingReceivableExcludingAccruedInterestBeforeAllowanceForCreditLoss,us-gaap/2025,20241231,0,USD,FinancingReceivablePortfolioSegment=ConsumerPortfolioSegment;FinancingReceivableRecordedInvestmentByClassOfFinancingReceivable=ResidentialRealEstate;Geographical=GeographicalOther;,,1380800000.0,
0000073124-26-000016,FinancingReceivableExcludingAccruedInterestBeforeAllowanceForCreditLoss,us-gaap/2025,20241231,0,USD,FinancingReceivablePortfolioSegment=ConsumerPortfolioSegment;FinancingReceivableRecordedInvestmentByClassOfFinancingReceivable=ResidentialRealEstate;InternalCreditAssessment=SixToNineInternalGrade;,,74400000.0,
0000073124-26-000016,FinancingReceivableExcludingAccruedInterestBeforeAllowanceForCreditLoss,us-gaap/2025,20251231,0,USD,FinancingReceivablePortfolioSegment=CommercialPortfolioSegment;FinancingReceivableRecordedInvestmentByClassOfFinancingReceivable=CommercialRealEstate;InternalCreditAssessment=OneToThreeInternalGrade;,,566600000.0,
0000073124-26-000016,FinancingReceivableExcludingAccruedInterestBeforeAllowanceForCreditLoss,us-gaap/2025,20251231,0,USD,FinancingReceivablePortfolioSegment=CommercialPortfolioSegment;FinancingReceivableRecordedInvestmentByClassOfFinancingReceivable=CommercialRealEstateConstructionAcquisitionAndDevelopment;,,459300000.0,
0000073124-26-000016,FinancingReceivableExcludingAccruedInterestBeforeAllowanceForCreditLoss,us-gaap/2025,20251231,0,USD,FinancingReceivablePortfolioSegment=CommercialPortfolioSegment;FinancingReceivableRecordedInvestmentByClassOfFinancingReceivable=CommercialRealEstateMortgageOffice;,,948000000.0,
0000073124-26-000016,FinancingReceivableExcludingAccruedInterestBeforeAllowanceForCreditLoss,us-gaap/2025,20251231,0,USD,FinancingReceivablePortfolioSegment=CommercialPortfolioSegment;FinancingReceivableRecordedInvestmentByClassOfFinancingReceivable=ForeignCommercialLoans;InternalCreditAssessment=SixToNineInternalGrade;,,13800000.0,
0000073124-26-000016,FinancingReceivableExcludingAccruedInterestBeforeAllowanceForCreditLoss,us-gaap/2025,20251231,0,USD,FinancingReceivablePortfolioSegment=ConsumerPortfolioSegment;FinancingReceivableRecordedInvestmentByClassOfFinancingReceivable=OtherConsumerLoan;InternalCreditAssessment=FourToFiveInternalGrade;,,146200000.0,
0000073124-26-000016,FinancingReceivableExcludingAccruedInterestBeforeAllowanceForCreditLoss,us-gaap/2025,20251231,0,USD,FinancingReceivablePortfolioSegment=ConsumerPortfolioSegment;FinancingReceivableRecordedInvestmentByClassOfFinancingReceivable=OtherConsumerLoan;InternalCreditAssessment=OneToThreeInternalGrade;,,86000000.0,
0000073124-26-000016,FinancingReceivableExcludingAccruedInterestBeforeAllowanceForCreditLoss,us-gaap/2025,20251231,0,USD,FinancingReceivablePortfolioSegment=ConsumerPortfolioSegment;FinancingReceivableRecordedInvestmentByClassOfFinancingReceivable=ResidentialRealEstate;Geographical=CO;,,337700000.0,
0000073124-26-000016,FinancingReceivableExcludingAccruedInterestBeforeAllowanceForCreditLoss,us-gaap/2025,20251231,0,USD,FinancingReceivablePortfolioSegment=ConsumerPortfolioSegment;FinancingReceivableRecordedInvestmentByClassOfFinancingReceivable=ResidentialRealEstate;Geographical=GeographicalOther;,,1460800000.0,
0000073124-26-000016,FinancingReceivableExcludingAccruedInterestBeforeAllowanceForCreditLoss,us-gaap/2025,20251231,0,USD,FinancingReceivablePortfolioSegment=ConsumerPortfolioSegment;FinancingReceivableRecordedInvestmentByClassOfFinancingReceivable=ResidentialRealEstate;InternalCreditAssessment=FourToFiveInternalGrade;,,3452900000.0,
0000073124-26-000016,ForeignCurrencyTransactionGainLossBeforeTax,us-gaap/2025,20241231,4,USD,,,231200000.0,
0000073124-26-000016,Goodwill,us-gaap/2025,20241231,0,USD,BusinessSegments=AssetServicingSegment;,,614600000.0,
0000073124-26-000016,Goodwill,us-gaap/2025,20251231,0,USD,BusinessSegments=WealthManagementSegment;,,80400000.0,
0000073124-26-000016,HeldToMaturitySecuritiesFairValue,us-gaap/2025,20241231,0,USD,FinancialInstrument=SubSovereignSupranationalAndNonUsAgencyBonds;,,3977000000.0,
0000073124-26-000016,IncomeLossFromContinuingOperationsBeforeIncomeTaxesExtraordinaryItemsNoncontrollingInterest,us-gaap/2025,20231231,4,USD,BusinessSegments=WealthManagementSegment;ConsolidationItems=OperatingSegments;,,975000000.0,
0000073124-26-000016,IncomeLossFromContinuingOperationsBeforeIncomeTaxesExtraordinaryItemsNoncontrollingInterest,us-gaap/2025,20241231,4,USD,BusinessSegments=AssetServicingSegment;ConsolidationItems=OperatingSegments;,,877400000.0,
0000073124-26-000016,IncomeLossFromContinuingOperationsBeforeIncomeTaxesExtraordinaryItemsNoncontrollingInterest,us-gaap/2025,20241231,4,USD,BusinessSegments=WealthManagementSegment;ConsolidationItems=OperatingSegments;,,1213100000.0,
0000073124-26-000016,IncomeLossFromContinuingOperationsBeforeIncomeTaxesExtraordinaryItemsNoncontrollingInterest,us-gaap/2025,20241231,4,USD,ConsolidationItems=CorporateAndReconcilingItems;,,569000000.0,
0000073124-26-000016,IncomeLossFromContinuingOperationsBeforeIncomeTaxesExtraordinaryItemsNoncontrollingInterest,us-gaap/2025,20241231,4,USD,Geographical=NonUs;,,388900000.0,
0000073124-26-000016,IncomeLossFromContinuingOperationsBeforeIncomeTaxesExtraordinaryItemsNoncontrollingInterest,us-gaap/2025,20251231,4,USD,Geographical=US;,,1782900000.0,
0000073124-26-000016,IncomeTaxesPaidNet,us-gaap/2025,20241231,4,USD,,,268600000.0,
0000073124-26-000016,IncreaseDecreaseInDerivativeAssets,us-gaap/2025,20251231,4,USD,,,-2885700000.0,
0000073124-26-000016,IncreaseDecreaseInReceivables,us-gaap/2025,20231231,4,USD,,,-12000000.0,
0000073124-26-000016,InterestBearingDepositsInBanks,us-gaap/2025,20241231,0,USD,FairValueByMeasurementBasis=EstimateOfFairValueFairValueDisclosure;,,1944700000.0,
0000073124-26-000016,InterestExpenseOperating,us-gaap/2025,20251231,4,USD,,,6213600000.0,
0000073124-26-000016,InterestIncomeExpenseNet,us-gaap/2025,20241231,4,USD,BusinessSegments=WealthManagementSegment;ChangeInAccountingEstimateByType=ChangeInAllocationOfNetInterestIncome;,,132000000.0,
0000073124-26-000016,Liabilities,us-gaap/2025,20241231,0,USD,,,142720000000.0,
0000073124-26-000016,NetCashProvidedByUsedInFinancingActivities,us-gaap/2025,20241231,4,USD,ConsolidatedEntities=ParentCompany;,,-1572500000.0,
0000073124-26-000016,NetCashProvidedByUsedInInvestingActivities,us-gaap/2025,20241231,4,USD,,,-2563500000.0,
0000073124-26-000016,NetCashProvidedByUsedInOperatingActivities,us-gaap/2025,20231231,4,USD,ConsolidatedEntities=ParentCompany;,,952600000.0,
0000073124-26-000016,NetIncomeLoss,us-gaap/2025,20231231,4,USD,ConsolidatedEntities=ParentCompany;,,1107300000.0,
0000073124-26-000016,NetIncomeLoss,us-gaap/2025,20231231,4,USD,ConsolidationItems=CorporateAndReconcilingItems;,,-299100000.0,
0000073124-26-000016,NetIncomeLoss,us-gaap/2025,20251231,4,USD,,,1736900000.0,
0000073124-26-000016,NetIncomeLoss,us-gaap/2025,20251231,4,USD,ConsolidatedEntities=ParentCompany;,,1736900000.0,
0000073124-26-000016,NetIncomeLossAvailableToCommonStockholdersBasic,us-gaap/2025,20231231,4,USD,ConsolidatedEntities=ParentCompany;,,1065500000.0,
0000073124-26-000016,NoninterestBearingDepositLiabilitiesDomestic,us-gaap/2025,20241231,0,USD,,,14325600000.0,
0000073124-26-000016,NoninterestExpense,us-gaap/2025,20231231,4,USD,ConsolidatedEntities=ParentCompany;,,311800000.0,
0000073124-26-000016,NoninterestExpense,us-gaap/2025,20251231,4,USD,BusinessSegments=WealthManagementSegment;ConsolidationItems=OperatingSegments;,,2086300000.0,
0000073124-26-000016,NoninterestIncome,us-gaap/2025,20231231,4,USD,,,4791500000.0,
0000073124-26-000016,NoninterestIncome,us-gaap/2025,20241231,4,USD,ConsolidationItems=CorporateAndReconcilingItems;,,743000000.0,
0000073124-26-000016,NoninterestIncome,us-gaap/2025,20251231,4,USD,BusinessSegments=WealthManagementSegment;ConsolidationItems=OperatingSegments;,,2334200000.0,
0000073124-26-000016,NoninterestIncomeOtherOperatingIncome,us-gaap/2025,20231231,4,USD,ProductOrService=BankOwnedLifeInsurance;,,69500000.0,
0000073124-26-000016,NoninterestIncomeOtherOperatingIncome,us-gaap/2025,20241231,4,USD,ProductOrService=BankServicing;,,55000000.0,
0000073124-26-000016,NoninterestIncomeOtherOperatingIncome,us-gaap/2025,20251231,4,USD,ProductOrService=BankOwnedLifeInsurance;,,80300000.0,
0000073124-26-000016,OtherBorrowings,us-gaap/2025,20241231,0,USD,FairValueByFairValueHierarchyLevel=FairValueInputsLevel2;FairValueByMeasurementBasis=EstimateOfFairValueFairValueDisclosure;,,6545300000.0,
0000073124-26-000016,OtherBorrowings,us-gaap/2025,20251231,0,USD,,,7158300000.0,
0000073124-26-000016,OtherBorrowings,us-gaap/2025,20251231,0,USD,FairValueByFairValueHierarchyLevel=FairValueInputsLevel3;FairValueByMeasurementBasis=EstimateOfFairValueFairValueDisclosure;,,0.0,
0000073124-26-000016,OtherComprehensiveIncomeLossNetOfTaxPortionAttributableToParent,us-gaap/2025,20231231,4,USD,EquityComponents=AccumulatedNetUnrealizedInvestmentGainLoss;,,443700000.0,
0000073124-26-000016,OtherComprehensiveIncomeLossNetOfTaxPortionAttributableToParent,us-gaap/2025,20231231,4,USD,EquityComponents=AccumulatedOtherComprehensiveIncome;,,431300000.0,
0000073124-26-000016,OtherComprehensiveIncomeLossNetOfTaxPortionAttributableToParent,us-gaap/2025,20231231,4,USD,EquityComponents=LongtermIntraentityForeignCurrencyTransactionGainsLosses;,,-700000.0,
0000073124-26-000016,OtherComprehensiveIncomeLossNetOfTaxPortionAttributableToParent,us-gaap/2025,20241231,4,USD,,,323900000.0,
0000073124-26-000016,OtherComprehensiveIncomeLossNetOfTaxPortionAttributableToParent,us-gaap/2025,20241231,4,USD,EquityComponents=NetInvestmentHedgeGainLoss;,,173800000.0,
0000073124-26-000016,OtherComprehensiveIncomeLossNetOfTaxPortionAttributableToParent,us-gaap/2025,20251231,4,USD,EquityComponents=AccumulatedNetUnrealizedInvestmentGainLoss;,,196800000.0,
0000073124-26-000016,OtherComprehensiveIncomeUnrealizedHoldingGainLossOnSecuritiesArisingDuringPeriodNetOfTax,us-gaap/2025,20251231,4,USD,,,196800000.0,
0000073124-26-000016,OtherLiabilities,us-gaap/2025,20251231,0,USD,ConsolidatedEntities=ParentCompany;,,516200000.0,
0000073124-26-000016,PaymentsForProceedsFromLoansReceivable,us-gaap/2025,20251231,4,USD,,,-1520800000.0,
0000073124-26-000016,PaymentsForProceedsFromOtherInvestingActivities,us-gaap/2025,20241231,4,USD,,,-793100000.0,
0000073124-26-000016,PaymentsForRepurchaseOfCommonStock,us-gaap/2025,20251231,4,USD,ConsolidatedEntities=ParentCompany;,,1273500000.0,
0000073124-26-000016,PaymentsOfDividendsCommonStock,us-gaap/2025,20241231,4,USD,,,602300000.0,
0000073124-26-000016,PaymentsOfDividendsPreferredStockAndPreferenceStock,us-gaap/2025,20251231,4,USD,,,41800000.0,
0000073124-26-000016,PreferredStockDividendsIncomeStatementImpact,us-gaap/2025,20241231,4,USD,,,41800000.0,
0000073124-26-000016,PreferredStockSharesOutstanding,us-gaap/2025,20241231,0,shares,ClassOfStock=SeriesDPreferredStock;,,5000.0,
0000073124-26-000016,ProceedsFromIssuanceOfSubordinatedLongTermDebt,us-gaap/2025,20251231,4,USD,,,750000000.0,
0000073124-26-000016,ProceedsFromMaturitiesPrepaymentsAndCallsOfHeldToMaturitySecurities,us-gaap/2025,20231231,4,USD,,,32123000000.0,
0000073124-26-000016,ProceedsFromPaymentsForInInterestBearingDepositsInBanks,us-gaap/2025,20241231,4,USD,,,-121000000.0,
0000073124-26-000016,ProceedsFromPaymentsForInSecuritiesSoldUnderAgreementsToRepurchase,us-gaap/2025,20251231,4,USD,,,-169800000.0,
0000073124-26-000016,ProceedsFromPaymentsForSecuritiesPurchasedUnderAgreementsToResell,us-gaap/2025,20231231,4,USD,,,317400000.0,
0000073124-26-000016,ProceedsFromRepaymentsOfShortTermDebtMaturingInThreeMonthsOrLess,us-gaap/2025,20231231,4,USD,,,-1059100000.0,
0000073124-26-000016,ProceedsFromStockOptionsExercised,us-gaap/2025,20231231,4,USD,ConsolidatedEntities=ParentCompany;,,2300000.0,
0000073124-26-000016,ProfessionalFees,us-gaap/2025,20231231,4,USD,BusinessSegments=AssetServicingSegment;ConsolidationItems=OperatingSegments;,,191300000.0,
0000073124-26-000016,PropertyPlantAndEquipmentNet,us-gaap/2025,20241231,0,USD,PropertyPlantAndEquipmentByType=LandImprovements;,,11200000.0,
0000073124-26-000016,ReclassificationOfCertainCashCollateralFromOtherOperatingActivitiesToDeposits,0000073124-26-000016,20251231,4,USD,,,0.0,
0000073124-26-000016,RepaymentsOfSubordinatedDebt,us-gaap/2025,20251231,4,USD,,,1350000000.0,
0000073124-26-000016,RevenueFromContractWithCustomerExcludingAssessedTax,us-gaap/2025,20231231,4,USD,ProductOrService=InvestmentManagementandAdvisory;,,2232300000.0,
0000073124-26-000016,RevenueFromContractWithCustomerExcludingAssessedTax,us-gaap/2025,20241231,4,USD,ProductOrService=ProductsandServicesOtherOperatingIncome;,,39300000.0,
0000073124-26-000016,RevenueFromContractWithCustomerExcludingAssessedTax,us-gaap/2025,20251231,4,USD,BusinessSegments=AssetServicingSegment;ConsolidationItems=OperatingSegments;,,2800200000.0,
0000073124-26-000016,RevenueFromContractWithCustomerExcludingAssessedTax,us-gaap/2025,20251231,4,USD,ProductOrService=OtherTrustInvestmentAndOtherServicingFees;,,248400000.0,
0000073124-26-000016,RevenueFromContractWithCustomerExcludingAssessedTax,us-gaap/2025,20251231,4,USD,ProductOrService=SecuritiesCommissionandTrading;,,162900000.0,
0000073124-26-000016,SalariesWagesAndIncentives,0000073124-26-000016,20231231,4,USD,BusinessSegments=AssetServicingSegment;ConsolidationItems=OperatingSegments;,,361100000.0,
0000073124-26-000016,SalariesWagesAndIncentives,0000073124-26-000016,20241231,4,USD,BusinessSegments=AssetServicingSegment;ConsolidationItems=OperatingSegments;,,399300000.0,
0000073124-26-000016,SalariesWagesAndIncentives,0000073124-26-000016,20241231,4,USD,ConsolidationItems=CorporateAndReconcilingItems;,,1495300000.0,
0000073124-26-000016,SecuritiesSoldUnderAgreementsToRepurchase,us-gaap/2025,20241231,0,USD,FairValueByFairValueHierarchyLevel=FairValueInputsLevel3;FairValueByMeasurementBasis=EstimateOfFairValueFairValueDisclosure;,,0.0,
0000073124-26-000016,SeniorNotes,us-gaap/2025,20241231,0,USD,ConsolidatedEntities=ParentCompany;,,2769700000.0,
0000073124-26-000016,SeniorNotes,us-gaap/2025,20241231,0,USD,FairValueByFairValueHierarchyLevel=FairValueInputsLevel2;FairValueByMeasurementBasis=EstimateOfFairValueFairValueDisclosure;,,2800300000.0,
0000073124-26-000016,ShareRepurchaseProgramExciseTax,us-gaap/2025,20241231,4,USD,EquityComponents=TreasuryStockCommon;,,8400000.0,
0000073124-26-000016,StockholdersEquity,us-gaap/2025,20221231,0,USD,EquityComponents=AdditionalPaidInCapital;,,983500000.0,
0000073124-26-000016,StockholdersEquity,us-gaap/2025,20231231,0,USD,,,11897900000.0,
0000073124-26-000016,StockholdersEquity,us-gaap/2025,20241231,0,USD,EquityComponents=AccumulatedDefinedBenefitPlansAdjustment;,,-449600000.0,
0000073124-26-000016,StockholdersEquity,us-gaap/2025,20251231,0,USD,EquityComponents=AdditionalPaidInCapital;,,1039000000.0,
0000073124-26-000016,StockholdersEquity,us-gaap/2025,20251231,0,USD,EquityComponents=TreasuryStockCommon;,,-5493400000.0,
0000073124-26-000016,TreasuryManagementFees,0000073124-26-000016,20241231,4,USD,,,35700000.0,
0000073124-26-000016,TreasuryManagementFees,0000073124-26-000016,20251231,4,USD,,,38700000.0,
0000073124-26-000016,TreasuryStockCommonShares,us-gaap/2025,20241231,0,shares,,,49201778.0,
